RELATIVE_PATH,BYTES,SHA256
+nrr_data/apply_pm.m,441,b574fcc24344b8f2c1479214130e6392d4d7927c7a9e81baaf3efec58054c787
+nrr_data/apply_pm_deploy.m,247,ab596be38a485827ed8a9312ab1ffdf1e4d3bd6d324c67102f93be236816a714
+nrr_data/audit_duplicates.m,2975,ce8f88b6ecee8f5205b7a68ddbf63c966fa3aa762a993643411c9d51cf168f82
+nrr_data/build_folds.m,1292,cb89ed80b6c2c2f356480e27ca0eb8418a7c89f70e56252c7debd77d727c5a67
+nrr_data/define_roles.m,3441,5917742c6d4e95fa012ddcb3030cb7990e8c1b5e6d4eda86a50fba8b9af54722
+nrr_data/depth_segment_ids.m,1302,50588fdca26bc7c83f7fc43e5c4695647f37ab29268ce8d8f448d8a440b31c30
+nrr_data/file_hash.m,238,472c88cd93e0350faec38e2e3d7336eaaac8fa9eb54a76fbe06f1d2b132a7bc8
+nrr_data/fit_pm.m,812,88856c9704515b7173e85873deddc6b0765d824fba14275a8d9483d5871cfad5
+nrr_data/load.m,1296,3962016a3fa012be802e9f0f9a879fb9e72c4d0715d0a01a16185655b56c6ee9
+nrr_data/read_well.m,1485,682a6061ef7e613b73a8a6725d91d8562d97c61a6dadda9089332aa943f8f78e
+nrr_data/transform.m,461,ae6e31d81aa543ebab932c458506d56324c28edba1fb0c64f9b1665bb9e05078
+nrr_data/validate.m,648,8daf255aa44688cf47c47290a0f51902954de814893f18f95fa3c6943575e8e5
+nrr_eval/compute_sha256_manifest.m,3816,c12c4a4566ef2844ce8ea5be49f629a13d350a4e75ccdf75fc05924a14f92495
+nrr_eval/eval_pop.m,314,88dd1c256c8cf6a39960f7f18515b4a8ea1da2900db39c9f3c3ea703eb6ea30d
+nrr_eval/fit_frozen_deployment.m,4833,dd1f0f7c314767331b18aeb02f989b6c7787d930449eb235704c2fb0c7b7332d
+nrr_eval/gate10_canonical_hp.m,1289,c403bbf69fc944392725daa66cfdc6f787dd375a98a49a72adb0324bb8b504de
+nrr_eval/gate11_freeze_deployment.m,3295,c7fc4c8c78759fbcb7d0e069f7d44d00f33e038ed30d25680587886ed0a87928
+nrr_eval/gate12_primary_blind.m,2164,291a194b2d5da8e7d6026e93af456cb2d95ebe245ff6cfd39477aa9cd881d47c
+nrr_eval/gate13_direct_ridge.m,2300,5b42b93ce56a6d3e282dfe5f99aff0fb6cfc2db58042929a0c79bfb6a722e4a9
+nrr_eval/gate14_domain_shift.m,1447,f7d82f7e0de5ab197dccc0e2688463f2376787c9fca282cf841035b637873204
+nrr_eval/gate15_bootstrap.m,2282,02a7d06e157b2edd1fde28b63ec0330d433ec28123fdf8f689b90e049d163f22
+nrr_eval/gate16_multiseed.m,5283,7e9eec2aecdaba5ef5e060362723719f0cea3f975439514aa799c6b29e57af92
+nrr_eval/gate17_geomech_freeze.m,9071,51367412bc269d32aff9cc83f68ee8af02ac832bf2fca609381ae8bacd8c2227
+nrr_eval/gate9_provenance.m,4285,bbb47351fce9f49e79cfaa343c2680a9391fd0d48035525260495b98687e8ffe
+nrr_eval/getfield_default.m,202,d5308c8f18d5af9287d595c2606e69f8877be755bb2fc89dbdeb79c80476b9e3
+nrr_eval/metrics.m,258,bce6063e698c60f3917f2505568c99f88d5a8107a11785be043ade35706f4a8f
+nrr_eval/predict_frozen_deployment.m,687,4addc9041dc68eb27fd67848aa5e8ce44b2bf20661a3b0b3fb4dd3833d465cfc
+nrr_eval/r2.m,133,52aa1ecf06d503039ecdebd616481fcd0f03bb22fed1f6c10b57afd3dbf383e1
+nrr_eval/rel_path.m,301,ca0aa3874b813f3c8df5a0c648a73773f7a2af4a522b0905ab3b8807966349ba
+nrr_eval/run_nested_cv.m,6129,4567eaa5268cfd70f91532196b007cbeba0966b5eafffb9f3ef2d3a93a0aaac3
+nrr_eval/sha256_bytes.m,3161,c30b2ee75e30966c634512ae45003b369a14eed1012c2229a94bb93fac66c850
+nrr_eval/sha256_file_windows.m,759,31b37adc42c6847158939adb225d8a4618ca900be4a22245f945e9c90f0c5545
+nrr_eval/verify_sha256_manifest.m,1693,bf4e0129d6b3a31e115e6a3611a1d7f374d5205e75826b26fa07eb69b5a52df3
+nrr_eval/write_eval.m,455,f90fa1b8791bfef5eb52601b3cab4cc1c6a003f94adbc1c2d3727c1ca403ce35
+nrr_eval/write_temp_abc.m,533,02e97f84d5e59f01d75e62ccba6edc932b8bb2928bd17c28b476c18aa80b5c54
+nrr_models/apply_meta_scaler.m,793,d75c8c88d5daed72ee2f5e90e588e5a2186a3997cbb9eb9829bc61599ebd8a16
+nrr_models/default_hp.m,928,a781056b3516a84af3c2985543af79a2a8b3b738dfa8f70c9dd1affbdf27d625
+nrr_models/fit_base_set.m,2621,b79050d523331e76191ce03691bddf1237287d6f08055dc0488cea2ff88c39c5
+nrr_models/fit_cnn1d.m,2504,efc8eb3cbe853d6e6d4b57e588dbc81091205d9c5a9522c4e5e922a3d70e2ff2
+nrr_models/fit_dffnn.m,1422,9d12344df6bb6d1ff2cd072dcfcc28f9e1dde5bcac5a96862ab47be992f04058
+nrr_models/fit_direct_ridge.m,1315,9cd3d674abfd82acf33336a1523c222ae2add2342efc393cd9514c80475c940b
+nrr_models/fit_meta_scaler.m,1041,5efdebab0b94e2bf018f51494c4282244aa72c492ca080eca71ce5595f00f321
+nrr_models/fit_mlffnn.m,1626,5db741322d4e3d88d31f488d99917056c74dd827af825cffc444dea995210a74
+nrr_models/fit_pnn.m,711,be2efebda681e3a4e30c026b34a737f17c7b5cb9255f9232bd4bbabb347061b3
+nrr_models/fit_ridge_stacker.m,1253,66b2f043c6ba25f02a1e42848a7b56fd26044684dfd2690ae7386d1b3464d6c4
+nrr_models/generate_inner_oof.m,1434,0f8f2695f47c08a0c1f06d2a686f37d544b0f162511d39a023e24ab2f9625946
+nrr_models/predict_base_set.m,974,0a5e3121ba2bab1723334b5e362aae6909deafe9fac24bfee7986f2631041dd6
+nrr_models/predict_cnn1d.m,1671,415fcb2038c196961ae1496a6b1e44dead41ddea903ea5f1091922e710ae8657
+nrr_models/predict_dffnn.m,147,63e6b738b5b9cd2613d35302cb2d3719df338010e063745a03c70b6cdd574ef1
+nrr_models/predict_mlffnn.m,150,3b3093f678ddc82979b9d80731579e0a500e15f4acdc3c90a3af021f8e9407a7
+nrr_models/predict_pnn.m,322,66ae2fc161b722437a7f8221c2fc1e73817d0868be2997fd9528375e60f0dc5f
+nrr_models/predict_ridge_stacker.m,1122,d08d61d4574c5caca722d4892d925ca6ea998913ac14f3fc0338425dc896b347
+nrr_models/tune_inner.m,3709,9a7941801cccb69002dad9017da5d1dfa5a9701fe74f88b05d0effc2785c01f8
+nrr_models/tune_inner_stacked.m,5302,b4199b107b6bd6be9a62f795fd634d49380432a1ef2b1d5fba8a8c8c619d451c
+nrr_report/generate_all.m,3769,963c1df7ccff2a3f59e9609126ea5aa2b06d7dc141b6b5a2da3f00009c569330
.gitattributes,140,70040e3607b5e7cd078d9804ec2e7ab7ab82d81c81d65242dd61622fc916b90d
.gitignore,370,4358835adc6c31cfde95084bda81472abbf1be550517a0f236ce8010ccf8b8ee
ajse_extension/+ajse_icnn/fit_model.m,4431,5fab886777307ad1c21e283a9f350792ba23ad5feb1e80cff20f2bbb19136f27
ajse_extension/+ajse_icnn/fixed_hp.m,398,2041ac74f1ffa1e85f9c2b1c4beca5e39bbcb9b3f1a79dd19f001913c5867032
ajse_extension/+ajse_icnn/paired_block_bootstrap.m,1515,bc772c63ba3bd210148c876b02f7c1fa7205e222623a23aa9db6bc5c2d01289d
ajse_extension/+ajse_icnn/predict_model.m,2066,a0f70afbd1097c6f670bbd321c686593413d99d85e80b32bd7d573d2e713f9ae
ajse_extension/README.md,997,b20e417751202b91e8c21d060e815dd6458b96c75717cf32cdbfd40479f32064
ajse_extension/run_ajse_icnn_comparator.m,19153,c7954db5babf8bd3762be53d47a6ee35bb71f5f34ed2a351e8ea32cc740fb7cc
ajse_extension/selftest_ajse_icnn_comparator.m,2102,c9ea715ff517e8801985f4556d4121877744249a225f21353e8433445e6c4481
AJSE_RELEASE_NOTES.md,1447,f424928437b03ed01a9a133e3bae2a85ed5b8f76e2434696915f118c42c2f190
ARCHIVE_SCOPE.md,1639,a99bc354e4442187cb3e01bd12fc5b37cd2821b3c13d50fcbe1811eaf77f5faa
CHANGELOG.md,3459,5dd456c7913a36c9646817dbe2f9e68982702bf238e3e4b00690735b9d75397f
CITATION.cff,1817,8b48ab6490f27d7d22c70c90b12d0df848ca52250be5a987467f2e390c146fa0
config/config_nrr_v5.m,4149,aca618c80f68fdd58d62c71732413a7d1ba6b87bdd34f29deebe51741d7b8f7c
data/README.md,324,2a7b072e838cea779f832294d4706607eefc7642136a2a75416fa8baae6fca2e
figure_scripts/make_fig01_logs_qc.m,6134,19651dbf97b4d745c949583be2913b3c36a724fec04aafc396e2c4aa20084ba3
figure_scripts/make_fig02_workflow.m,6514,0d289290283f6c4cf2cdd40613721bf455c3903fb349b6fd695a7ccf68b6ae56
figure_scripts/make_fig03_nested_cv.m,4604,3bd953419c2e0dfbf89ac867865269ce32593c73c041e2b0b226b8c89719c599
figure_scripts/make_fig04_seed_reproducibility.m,5469,225599c0f97ff4afd33b27018368343cfde4c032a6b4a21788a222f418023b5e
figure_scripts/make_fig05_primary_blind_diagnostics.m,4960,d33e0466655161e1676561d49566477889e7a5b7f4baeca2fc55d1d57bed3584
figure_scripts/make_fig06_ridge_vs_directridge.m,6175,893f343f456a5c73703e79835390efae3aad331bf8949738438a9971b0399233
figure_scripts/make_fig07_domain_shift.m,4468,8c807d50d298f41dcc6cf4c6d918a57910aa76b088d0317b022a2224b96edb9e
figure_scripts/make_fig08_geomechanics.m,5877,b65c9d3238b0f405ee03e67f549d99d76903d7550688e426c7e4510a80a42405
figure_scripts/make_figS1_population_waterfall.m,5875,0ab9ac17824082a0871c8dfd33b0033068dbb61c1059f316df1a1f44f6b84fb9
figure_scripts/make_jag_submission_figures.m,12483,53372cdf1aa1b3ed117d91b64dc6868dbaea3ce3fc5adbbde26bbef8318955b8
figure_scripts/nrr_assert_canonical.m,2419,24c42235a2915ad7a9a24f4099cb10d6f013fd8aba758c6d9f9ee7273eb8d118
figure_scripts/nrr_clean_string_column.m,477,71de64635d841272941425e0cd92ecda55471168ef14c04c9d1feda52bcf2620
figure_scripts/nrr_colors.m,667,28596acef9ad697d11b1cf21e637e50bce9064d2f898be35b74ec03e4e7464a9
figure_scripts/nrr_effective_png_dpi.m,611,11f8d0b0190d60ebb33f915d81e84e3dd7b8e43de9669cfcee062a2f7b655f1e
figure_scripts/nrr_export_figure.m,1131,e96c55c17c743b599933d43da2362937ba57f7a4890c3bcfb236ecbd992de0aa
figure_scripts/nrr_figure_style.m,768,55539c9e9808268f99763322b0310211916b300482d011a0fbfa1cec77931c10
figure_scripts/nrr_load_canonical.m,2566,152d35795ba287af13ca9cef170e1db6fd19e39c631f30cc235d9713d7039638
figure_scripts/nrr_project_root.m,385,6be4c646a42580ed4ddeed769db0954d82928ad56c29399b52fd55cba39ae2bb
figure_scripts/nrr_strip_units.m,248,ac2d07fdf99695d008a81b3a3f8a2b867cdf82d50e3911fa42b756474be94de9
figure_scripts/qc_all_figures_nrr.m,3527,90bee99561d573340fba080cc66d5c75c03da4f12920dd728a78ef320f6f1853
figure_scripts/run_all_figures_nrr.m,8577,d6a4e4348b6e8b7ece0b15413ed534c6383854421f7295945655e18f91ffa49a
figures/ajse-submission-20261002/Fig1.tif,3278381,2907d0fbf2d5c98b6a2569900d8553c7f2bfee053ffa69b80814f9bc1ebb624b
figures/ajse-submission-20261002/Fig2.tif,16532145,a0a8fd1e248deac9140956b15dc5e6978b1679dd03c182d38b5bfa44e74b63c5
figures/ajse-submission-20261002/Fig3.tif,5306627,b23d5782e5f4cf317abcadd9e2e86f2682f05476c2f5b813ec5960a30b35fe7f
figures/ajse-submission-20261002/Fig4.tif,144394,9ca3254c6b47ad4f17db5e5e3f11f6d761a1cfed1f1e8070fde572c1fe057a07
figures/ajse-submission-20261002/Fig5.tif,2327047,7437e5e405ad33d3831af7746688f01b253dbe14199fa9dd3dcfe686e1425782
figures/ajse-submission-20261002/Fig6.tif,3757229,b021f4239323cb99715f92accd9ed5915239c6bcd2268b36018db576f40e8810
figures/ajse-submission-20261002/Fig7.tif,5813479,7b8d29840096fb5221630f80aee6e03e12c6a96772b3423dc7591739ff24fcd9
figures/ajse-submission-20261002/Fig8.tif,3623205,20544c5bcb7ba0e6d32799512ea1b4d3ed2045c508ab5d113e180b36f19e9432
figures/ajse-submission-20261002/FigS1.tif,7893545,92b3a22fa025ad5a6ce0e6f06b42791a6c56a8ba6d1105faad8b92dd22123865
figures/ajse-submission-20261002/FigS1_AJSE.fig,27772,637cfc82d1c42002ceae0f722baed565a1d66212b035422a508a7d822d2fe1ac
figures/ajse-submission-20261002/FigS1_AJSE.pdf,51386,d040bbec66b7f831e511af5844b64f14d61012c6903581023f50276da67efbc1
figures/ajse-submission-20261002/FigS1_AJSE.png,275185,0316ce68097029eb028f36524431f0f457a8e62613da310ec395da77b1aeef2a
figures/ajse-submission-20261002/FigS2.tif,2877253,991a95ed61c6d4a297ea1f534e5d56cfbce5c36465231a6e94bad288e6f810df
figures/ajse-submission-20261002/FIGURE_MANIFEST_SHA256.csv,2152,a3025dc0c4a87a6b7322cae66851e9de68531bc116d6de1acd3721011dbc5f16
figures/ajse-submission-20261002/make_figS1_ajse_corrected.m,5014,91330e9410073772394dce83342f3545793bc01ccdb34dd927ea821776c86e0f
figures/jag-submission-20261007/Fig1.tif,1067729,09d045a39a1e9d22c534c3d3a21d56dadfa6010fdcd8a15e71a231584d8ce6f9
figures/jag-submission-20261007/Fig1_preview.png,285685,d17decd3d177226b3474c6fc20a0009d0dc78410a02a1a3d4de2b5c13e558535
figures/jag-submission-20261007/Fig2.tif,2560131,e3c536129aada5ddcef50e00f61277049bc4ce0b06fcea9f9c9cdd1c4984540d
figures/jag-submission-20261007/Fig2_preview.png,169152,16f4adb9ace6cf2da73104a61880f18006527bc3009d9da807a732722adb984f
figures/jag-submission-20261007/Fig3.tif,5306627,b23d5782e5f4cf317abcadd9e2e86f2682f05476c2f5b813ec5960a30b35fe7f
figures/jag-submission-20261007/Fig4.tif,144394,9ca3254c6b47ad4f17db5e5e3f11f6d761a1cfed1f1e8070fde572c1fe057a07
figures/jag-submission-20261007/Fig5.tif,2327047,7437e5e405ad33d3831af7746688f01b253dbe14199fa9dd3dcfe686e1425782
figures/jag-submission-20261007/Fig6.tif,901715,4506914dc8094dc8721376fc7c50ab89c8feaf4b723be3794543afe84ad4536c
figures/jag-submission-20261007/Fig6_preview.png,261215,460fabbc1d0eb65750807e464f1f2d0d274290e9785c00d212a459aad362436b
figures/jag-submission-20261007/Fig7.tif,458124,f2113de8545f9dffa3ec9a598631c54bfcb9e30198d52e9ea3c608ef4cfa3c9d
figures/jag-submission-20261007/Fig7_preview.png,234940,6a97c511317f6756e3379e215bca48b5de9c07df48af9625e7773d58ca5f1c44
figures/jag-submission-20261007/Fig7_rock_physics_summary.csv,455,0d9d3af24dc32cb550748b842f553afe9cfe8939a2bf91b7f1dafa6e5eff12f7
figures/jag-submission-20261007/Fig8.tif,5813479,7b8d29840096fb5221630f80aee6e03e12c6a96772b3423dc7591739ff24fcd9
figures/jag-submission-20261007/Fig9.tif,287504,35da37e73d9e8a3c7b6d78d945d7699fc7aa98ce66f51cc672a59544d6e31a78
figures/jag-submission-20261007/Fig9_preview.png,86350,52123b5f0b49850aded3703c5170106867b4c48e40b2eb2cf18470862452529a
figures/jag-submission-20261007/FigS1.tif,7893545,92b3a22fa025ad5a6ce0e6f06b42791a6c56a8ba6d1105faad8b92dd22123865
figures/jag-submission-20261007/FigS2.tif,2877253,991a95ed61c6d4a297ea1f534e5d56cfbce5c36465231a6e94bad288e6f810df
figures/jag-submission-20261007/FIGURE_MANIFEST_SHA256.csv,3475,ca08f2532134238e520ecfad4c59a67f875ab86304974667c4b2e31e49f8468f
figures/jag-submission-20261007/JAG_Fig1_well_logs_qc.png,285685,d17decd3d177226b3474c6fc20a0009d0dc78410a02a1a3d4de2b5c13e558535
figures/jag-submission-20261007/JAG_Fig2_validation_workflow.png,169152,16f4adb9ace6cf2da73104a61880f18006527bc3009d9da807a732722adb984f
figures/jag-submission-20261007/JAG_Fig6_all_model_external_comparison.png,261215,460fabbc1d0eb65750807e464f1f2d0d274290e9785c00d212a459aad362436b
figures/jag-submission-20261007/JAG_Fig6_external_model_metrics.csv,542,6e8678afa054f184bfa6e12bad34720bf3efa339d4e5077244c753a36a0980ec
figures/jag-submission-20261007/JAG_PopA_error_decomposition.csv,384,1df33afb4dbad6a351440f85fe739f5aafd05dcad89adbb16e6bb1b6b01efee6
figures/jag-submission-20261007/JAG_PopB_VpVs_bands.csv,536,b35e85b4562d74699ac0d6d866630dec5bba6dbf316536ab052464c07da06001
figures/jag-submission-20261007/README.md,759,20600939500c1d20279d0a01a2f4ec19e5e311d10ec4d80c7b9da8331e1335b9
figures/ped-canonical-20260910/FIG01_run_PED_corrected_20260910_071523.png,601084,0fbfcf8a911e125a21d02a82c472ee71f45ba98d2e09d766003a74f617785c55
figures/ped-canonical-20260910/FIG01_run_PED_corrected_20260910_071523.tif,1274923,6833ceb29c0c8279d203bbf020e09d74590aff7b158494d91bfbacbbb9eddc0f
figures/ped-canonical-20260910/FIG02_run_PED_corrected_20260910_071523.png,285992,aab313ae48394dc192eebad0d7b923dd3d97d384e488ff4eb34a32f30d0949f9
figures/ped-canonical-20260910/FIG02_run_PED_corrected_20260910_071523.tif,509405,534ba16a9da7cb7a874d716b97a6a0d9117bc0108e153d1da96b6f4f6961c231
figures/ped-canonical-20260910/FIG03_run_PED_corrected_20260910_071523.png,161094,3cdc726772e473d1609554baf9c891afafe15706a1dacb044a96dc3b241edf87
figures/ped-canonical-20260910/FIG03_run_PED_corrected_20260910_071523.tif,315977,259256c4b8e63e8c92a49e7db4824d8b687f807895346b2e990b59a83ac497c8
figures/ped-canonical-20260910/FIG04_run_PED_corrected_20260910_071523.png,144740,832e56bd847fc0ebaff848b850496c2862971f1afad4f1eadea26b7255509912
figures/ped-canonical-20260910/FIG04_run_PED_corrected_20260910_071523.tif,304161,5f8fcce27d905031b87ae2d5aad87da9f418981b5f34309f7731bd298db2de77
figures/ped-canonical-20260910/FIG05_run_PED_corrected_20260910_071523.png,238056,3b6b8ab8ecdbbbb6f4d93785ba1fe226690d0e7e437a377e9d8092610c1d4585
figures/ped-canonical-20260910/FIG05_run_PED_corrected_20260910_071523.tif,337037,3ec75630ec9ee41bf2be3a07122ceff25c02755606bde22856b1905556352803
figures/ped-canonical-20260910/FIG06_run_PED_corrected_20260910_071523.png,227522,87d33f89593858a36a45cdcec2b3056617c2d0bc9f3722098d238025d1d70d02
figures/ped-canonical-20260910/FIG06_run_PED_corrected_20260910_071523.tif,366223,caa2c2d4e72cf1c5d4b8e88197e1128cdf65ebbeb5df7ceaa4f0e897e2b1f00c
figures/ped-canonical-20260910/FIG07_run_PED_corrected_20260910_071523.png,326356,cbf635db26157fb270bcdd488006e713bde52a487983df12887ffdbef100c626
figures/ped-canonical-20260910/FIG07_run_PED_corrected_20260910_071523.tif,973667,e7db8fe015aef417a1c6b441487a1e6c8b50b50827775c47bc6bb7740f2c2a0f
figures/ped-canonical-20260910/FIG08_run_PED_corrected_20260910_071523.png,219588,1f1f5c5474c6968ce6d55f39cb8c3dc11c4561cb5660eb1551521e2e24ed8847
figures/ped-canonical-20260910/FIG08_run_PED_corrected_20260910_071523.tif,402759,ae9a6487196547cf06b3e380258947fd3c1861af8c006e18ddf776ed1fc6efc2
figures/ped-canonical-20260910/FIGS1_run_PED_corrected_20260910_071523.png,118702,6ae76dc55af2704ca0feb6171bc7510f014ef6ff93b2d1c65cd2fa89c69b1b78
figures/ped-canonical-20260910/FIGS1_run_PED_corrected_20260910_071523.tif,150737,97fb9a3ada98dc4ecf94405fa93f844962b3386b90a8990e3cd2e5bcf1554484
figures/ped-canonical-20260910/FIGS2_run_PED_corrected_20260910_071523.png,84326,12b4f15bfd447659060adf8a20e5d246cd42136e6ca4a8da6c9eb2c24a1e5ef1
figures/ped-canonical-20260910/FIGS2_run_PED_corrected_20260910_071523.tif,228765,9b5f015d15936d1fae0a8042abfbecfd28a39fee440128671780413d80a2d420
figures/ped-canonical-20260910/FIGURE_MANIFEST_SHA256.csv,2991,793e30eae900733b3308b4c12a112d3bc023d505d89054a697f90652bdc4c1d6
figures/publication/FIG01.pdf,62863,3c1d9ce7eaf1bf5c83579e7145f8573edc2ede5ccbd6d11f7d4f96baf409e7b7
figures/publication/FIG01.png,633089,5cdd9b41705ef07f15394cfac1260e2792e126674e41b1cfa35a592c1550337f
figures/publication/FIG02.pdf,21351,90d506344f597e5261ef632729c6e965828d77bfd127aad340066e5f5e88b495
figures/publication/FIG02.png,481546,41a874df7dd4d1cbb9fd901692d4a259eca2681e646d5ebc52e585262a469ffd
figures/publication/FIG03.pdf,5710,4647691b7c9f7ec471296aae3b24b8cd8b5a6806ea8e23b10241a6d69f0cbbeb
figures/publication/FIG03.png,230874,edd5ae7f4dc4f9274e3e13905aca3b51a4738ff493eb3d78b7fd7fc576f38815
figures/publication/FIG04.pdf,18300,4d54e69281feda41e47e10dcfb4bd19f2f3c778ec98d0267eaab17832ee26194
figures/publication/FIG04.png,180454,25fe1ab40a1d6748cc4b269b9ec7a08484c4b01e81e0908754a1196626ff066c
figures/publication/FIG05.pdf,81608,95b8f4c85899e309d5f13763ee57c9aa8ab258227ac5debfabbca7f8bfa05b1e
figures/publication/FIG05.png,425726,75349800101a27ef10a6fb9e88378d21d2aace5b5f1b2b3b956674d88a5b653b
figures/publication/FIG06.pdf,58682,d7ece5434f8512797eccaed03a5cd591b6738f628de58e46f63e4250b0fd6ed6
figures/publication/FIG06.png,397638,ec1d178938fd13e3b1de0e719be6a2c32970cd17fe886336352a4f85ff3b23fc
figures/publication/FIG07.pdf,15133,8e633747b3b2d4abcb212e55c543b52dde9757a5ca4edd1174583394aaf7bc00
figures/publication/FIG07.png,341223,6040630f4f60bf0b2a8003fa5ca857735c8045a3d9ece5afa25b04c8f7dd5cbf
figures/publication/FIG08.pdf,12322,0b450ddf144814bf95a57ad8b506e30ec510286a7940ec3c98d0a7c70dc95812
figures/publication/FIG08.png,390922,d9a60ea362b633be118b1ef04bcdb843d4a0f2a3fd3ce558044287446d37eca2
figures/publication/FIGS1.pdf,3786,114470a7754f5114bf1178d4ce973cafcdd821ac15736ab6b17ef82132c8a764
figures/publication/FIGS1.png,239316,209fc9f2da5aa52dd839a780d791f9b401ad2ec0e2a27ae91c5783bdce19037c
gate0_environment.m,13638,60d996b440ae7dac6f5ee4c4305555ad116631a621d7223210183039d6f876da
gate10_physical_plausibility.m,16039,e0a9acf0ac4b649eb3f3432226389f694cd538aaa287d146e192967bc8baadaa
gate12_report.m,7130,9fd874e45c95e66ee3daba11c2da7b6bb0cf7689bff18ed67e95317096d1dd1d
gate4_cnn_boundary.m,4447,e5a31b93ca68f01bff78864714055b722a8be915760eeaf962d407219317b1a0
gate5_corrected_holdout.m,11232,9e5baf9e9ff2e94860f7a80149c21d5f40f817d701600e7c26e114b075f89622
gate6_external_all_models.m,11887,c4057bc5678c7b15c0a5748932b0976e6117c8ae38e691d97e99a1f273579067
gate9_paired_bootstrap.m,4188,a61095373f49fa9af24cb842bab31b02fe4857b74f634cb61bad84747b6a1e93
install_ped_codex_patch_v3.m,3411,ee8535343a96b398175ecf13da7e2307d6916d72c31f4068125a4a6afd74b6dc
JAG_ALIAS_MANIFEST.csv,671,227a41189c8285b3d73f7f7704f7372dfaf84a9deed0f39669860b9f68e99997
JAG_RELEASE_NOTES.md,1747,537975791deeb6fa32d3c7c53541ddc74d3965239dda53e7456f0d323c34131f
LICENSE,1426,312edeaa15557e8bc2c83fba67b0481b36a9d54cd40f2707f6f891a369dc57ea
main_nrr_pipeline.m,6790,9088c691399596e62524420fdf7e505952caec077fdc481f351b8e2c12c4ac32
ped_extension/+ped_ext/gate0_environment.m,15213,591d81c5df41aa22f1df2d06676bea02161876cab40167e864931dd149913730
ped_extension/+ped_ext/gate10_physical_plausibility.m,4726,85f69830e1f201e54c553794f8e896b74de75b219f8f2af9c133e7c33ce6475d
ped_extension/+ped_ext/gate11_freeze.m,7075,1ba4f6ae990a1a55c2eb529152299c5eab614e3a1eb59c9927ab99fe48dac6c1
ped_extension/+ped_ext/gate12_report.m,7468,513e17708358b891a864b6121dc4209165ab0581a4c29e4ee7e11f00f235ccff
ped_extension/+ped_ext/gate1_duplicate_forensic.m,8143,a5e3dd771618f86284cebd68bc79ecf8c5991e682a28474095d02cf3c683933c
ped_extension/+ped_ext/gate2_population_decision.m,6353,2500eb743388d18a70bddfd33c7d78e5819c20eb6177e37dfbcbf6340dda8358
ped_extension/+ped_ext/gate3_architecture_provenance.m,3935,e12e7544d48876968dd0354cdeb7ab14a70261c5669affa78f9a9cd832ef6a01
ped_extension/+ped_ext/gate4_cnn_boundary.m,6066,4832a1179f520d64f029b08ab699be10d8a6a5e81d2f0a17ed428422b9eb9cd5
ped_extension/+ped_ext/gate5_corrected_holdout.m,3869,8848f95b86e5cadc935ea945e38b0cc2456ff75ba03330810362b5d5cd7b2cce
ped_extension/+ped_ext/gate6_external_all_models.m,5228,7a2ea6a61e35d6e6b057f021a13c7d9b534f0ff456277ff83f12814915c004b9
ped_extension/+ped_ext/gate7_full_well_b.m,4756,f36cf601f37728f4693529f930db05bace48f2aa44a831cf707cb62df5158671
ped_extension/+ped_ext/gate8_support_diagnostics.m,7483,d6460729e2004d8752b394f47e12de401e0cbccecc61927248131eb98e7c1a40
ped_extension/+ped_ext/gate9_paired_bootstrap.m,3398,3e89bf3a5fd849eb031ed425fc8fb22e8d8fbae3074b5cd21110387b3a94271a
ped_extension/+physics/elastic_properties.m,818,56f36ed2c8dda1bfdfc608c33ab34a72ea339b8a1283f67160f9096c7f2c4565
ped_extension/+physics/vp_from_dt.m,227,1c47f029bb54192728d0ebef53c3da91df5a8795941cefea7bd428a3c0db25be
ped_extension/+validation/normalize_table_schema.m,817,0a85540e250fa29c1f34e9043d8f3fb9915334c3f33ae507ae36a8e423a2c6d5
ped_extension/+validation/sha256_file.m,2470,88269071039366e5d1a29065da58eb0872a3e3b59a2bc283a71ddda04f741bfa
ped_extension/main_ped_targeted_extension.m,21414,87a2d5e4e8bc9e454144af3e0eadcc9f462887d4a9e70a3837b02cd78517f88a
ped_extension/run_ped_targeted_extension.m,1970,2174a3d94943e1386f1ad4ad32a09c3c444c3e164ffdd54ee865635b26466c26
ped_extension/tests/run_tests_ped.m,4782,93a43c0552569b43678f14e4f1b19f917f232f418391e449bfedafce3bde3931
README.md,7059,4844f2984505f758d6d81e35f7074e5ad2ac20675d17fede8e5adca316cdf5a9
release_tools/build_jag_release_manifest.py,1102,1530085f6b3d0567edbb325e5c22f9ae8104a85b885d28ff930768c65f1800f1
results/ajse_icnn_20261001/00_provenance/AJSE_ICNN_CONFIG.json,611,9875d6b9dbab6288ded5f01017b85ece52d6f997cc46233eaf0ff3818b766ff8
results/ajse_icnn_20261001/00_provenance/AJSE_ICNN_SOURCE_MANIFEST.csv,908,fbad46efb16e45ccdfa7b64c4888a86384735ce6d8ac43f055519bff5bdf06df
results/ajse_icnn_20261001/00_provenance/AJSE_PUBLIC_SOURCE_MANIFEST.csv,866,a171f905a1afde937f3b891314d496058b57bed72d934190c553943cdf3f7688
results/ajse_icnn_20261001/01_nested_cv/AJSE_NESTED_FOLD_METRICS.csv,1473,ed951513bd1621aeb0a0c22b8ed58579190338e6171313ccaafb75656f331a4b
results/ajse_icnn_20261001/01_nested_cv/AJSE_NESTED_POOLED_METRICS.csv,542,c841f9f44ad18a59c2524f17ec2ddc9f2a1492db9edba3b521167a7c968a0954
results/ajse_icnn_20261001/02_holdout/AJSE_DEV_FROZEN_EXTERNAL_METRICS.csv,1278,49da615ffdb97542c3fcb8f4db15c31bfdb9dde17ea6dd2b1062e61a17bfd189
results/ajse_icnn_20261001/02_holdout/AJSE_HOLDOUT_METRICS.csv,543,43e5c618d69e2256db9bdc5f582614da9ac1de6daa8c75639a1f3434ab1bd9c7
results/ajse_icnn_20261001/03_external/AJSE_EXTERNAL_POPULATION_METRICS.csv,1663,6fa4a395fe07d9d4a66e86c81ef4ce972cd20c5037606dd7b2c90ace2bf97f08
results/ajse_icnn_20261001/03_external/AJSE_POPA_PAIRED_BLOCK_BOOTSTRAP.csv,652,18c16b159d72ddf0b09973455223f0feb908b1eb657de7f59a2db4152f156418
results/ajse_icnn_20261001/04_freeze/AJSE_ICNN_OUTPUT_MANIFEST.csv,1832,cd32d6cd61d547bd9c61a189741fec8ebb2c93601d2cc4eed5acb8bc4af77e3b
results/ajse_icnn_20261001/04_freeze/AJSE_ICNN_RESULTS_SUMMARY.md,1676,8a074b1d23b0baf0c0677822f331195647c3efc91093855ee88b9ff0aaaf7cc6
results/ajse_icnn_20261001/PUBLIC_SUBSET_MANIFEST_SHA256.csv,1426,3132d43008753cc1def2715e3c41f7874dc9440960876ca1f4abc13edc952454
results/ajse_icnn_20261001/README.md,1382,1b6fbbfa284bae1637b60c087adc1fc55367a88d96cbb3288484263cf40ac43c
results/ped_corrected_20260910/canonical/BLIND_MODEL_COMPARISON_POP_A.csv,223,c2babb84fc14e2e82ea6e80282ae81043a14893b3fbd45123a7f8f02cfc660c6
results/ped_corrected_20260910/canonical/BLIND_MODEL_COMPARISON_POP_B.csv,221,46631f5cce1dc5b1ba92ac7f57ed7a4a0bec405ac2755c74764bc9f583c3c539
results/ped_corrected_20260910/canonical/BLOCK_BOOTSTRAP_SUMMARY.csv,273,10a4261c8dd4c816b1003f987508eb3828570e4c427feebb9086d368cc742592
results/ped_corrected_20260910/canonical/BLOCK_LENGTH_SENSITIVITY.csv,1217,13970550b9304ff1bb41da03cd6e7062fd0e87929b2ae9c7402bc04ab88a8cfc
results/ped_corrected_20260910/canonical/CANONICAL_HYPERPARAMETER_POLICY.csv,325,0578be3f89ad77c8cc4d04c4eedfb63ebba01ae266773fcebbe1af49ab957581
results/ped_corrected_20260910/canonical/CORRECTED_HOLDOUT_MODEL_METRICS.csv,666,79f334269726b6862145067caddc034c323709eb84596472361288ca11b5f730
results/ped_corrected_20260910/canonical/DATA_ROLE_COUNTS.csv,399,811f30875bf332d726f0a067f43c96409ed8a11806d6307afdeecd269959d37c
results/ped_corrected_20260910/canonical/DIAGNOSTIC_BLIND_EVALUATION_POP_B.csv,154,b6f3bff13eda1fd45179a0a3a6b6cf348dc2d3a61da1d4ea3c3d553f1824a74e
results/ped_corrected_20260910/canonical/DOMAIN_SHIFT_DIAGNOSTICS.csv,752,725b497337075cfe80dd26e7a1aa94b9b0339d241ead6a1e45a6892b003ec578
results/ped_corrected_20260910/canonical/EXACT_DUPLICATE_REPORT.csv,109,5065d1394446028377254adb0e82624af8a6fbed919e70ceb2af9e7204e22852
results/ped_corrected_20260910/canonical/GEOMECHANICAL_MODEL_COMPARISON.csv,251,09ffa361da0a561634374ce63f9f8f012fa5c53dd7c30c19d242823fa7303284
results/ped_corrected_20260910/canonical/HISTORICAL_PROVENANCE_STATUS.csv,308,13c1998ffd6ee7639a0b1a29836592e292e157eaca87e635c896cfeeaa0c8eeb
results/ped_corrected_20260910/canonical/MODEL_ARCHITECTURE_MANIFEST.csv,347,126c0cbb282678562c6c1e8bfa76145852f3402ade7ea881b6921ad314d51316
results/ped_corrected_20260910/canonical/MULTISEED_EXACT_PIPELINE_METRICS.csv,639,b33e78be22ff366639b4555c880d9f76e03d85caedae2352bcfc78d1d2cab491
results/ped_corrected_20260910/canonical/MULTISEED_SUMMARY_STATISTICS.csv,204,4b1dc1e578c5774440f809907e2d35c3079bba17536f705c0783d941590531bb
results/ped_corrected_20260910/canonical/NESTED_CV_OUTER_FOLD_METRICS.csv,481,23db9c226687ccbab8cb540d91a8e1a393f35ad832efe913c4c1ea085cbd625c
results/ped_corrected_20260910/canonical/NESTED_CV_SUMMARY.txt,126,122b01384e3a2f4c98f404457ebc031bba79c010616bf3ac34582cc25b355247
results/ped_corrected_20260910/canonical/PED_CANONICAL_NUMERICAL_RESULTS_SUMMARY.md,672,7da0b0b065c7b50a4403d11c69e33d8272f343c22a4198dcd8d144164214b447
results/ped_corrected_20260910/canonical/POST_HOC_MODEL_STATUS.csv,150,25fd89cbdf8302f7432481ab6a523c5b63513244b90c630c227698d6e63a15b1
results/ped_corrected_20260910/canonical/PRIMARY_BLIND_EVALUATION_POP_A.csv,152,be2e780a32ba2c41dc9b766748be455a3406dfbfd1a7e43901b1f27dcabc4888
results/ped_corrected_20260910/canonical/PRIMARY_STATUS.csv,229,1d6660806fb5d3dcc20570a627acaca34015ae3674a7e2c9d96f0e61e42c521b
results/ped_corrected_20260910/canonical/RUN_MANIFEST_SHA256.csv,17820,1b1361ee797bbf88bb24d7b9c384499d3532be8e1839fbb812d5f9092139ad42
results/ped_corrected_20260910/extension/PED_BOUNDARY_AUDIT_SUMMARY.md,758,374ff73fd08dee6ce1e59ea12eea47f1801e33feeb409c4f5adbc8e56917f89d
results/ped_corrected_20260910/extension/PED_CNN_WINDOW_BOUNDARY_AUDIT.csv,555,dba26f59d721e473229ab50699df361e8a8d95ffadbae06680fe904560b8b943
results/ped_corrected_20260910/extension/PED_DOMAIN_SUPPORT_DIAGNOSTICS.csv,657,67535f4eb0975ba50446d55c18ead4933e4565802f7f7640731d9f8498599fc6
results/ped_corrected_20260910/extension/PED_DT_INTERPRETATION_LIMITS.md,672,ec83f711972c2ba7ab481e59351b1c2df75bf12ef079fbd78bae195ec5503fda
results/ped_corrected_20260910/extension/PED_DUPLICATE_CLASS_SUMMARY.csv,163,553bf92839555b6d9a6a2af6127c73b6d42f779c8f0eddae03f6320867af68e6
results/ped_corrected_20260910/extension/PED_DUPLICATE_FORENSIC_AUDIT.md,370,ff8c5c53878d989eecfc4204ea4830bc1cd8666b2550b492d73e2de91412df40
results/ped_corrected_20260910/extension/PED_EXTENSION_GATE_STATUS.csv,1301,fa10ab8aabe3753fc6f874bcfe34c5db4113d56e95a596296018256efd3f376c
results/ped_corrected_20260910/extension/PED_EXTENSION_MANIFEST_SHA256.csv,4335,b9a11960517aa8c568263c608d0991c2e869fa8a9561d8652df8f33e92b84b0a
results/ped_corrected_20260910/extension/PED_EXTENSION_PROVENANCE.md,622,06770ade6ecabdb162ef357ddfdc87156932c8e5f02e37ea14ef8c09d40c5da8
results/ped_corrected_20260910/extension/PED_EXTERNAL_ALL_MODELS_METRICS.csv,873,e4baeae42c0bb132343216033890439648e2cd1b27fda5edc0492df626b4b721
results/ped_corrected_20260910/extension/PED_EXTERNAL_MODEL_COMPARISON.md,273,bfadf116de28efb4effafd925e6a96440fa3099e05f3f7741eb0fcf1ba16f57e
results/ped_corrected_20260910/extension/PED_FIG_VALIDATION_HIERARCHY_source.csv,189,c6f92c89eec6fd722cbc9f97a3b96e969657462d035f41ff4b29bcb6a2373f20
results/ped_corrected_20260910/extension/PED_FULL_WELL_B_SENSITIVITY_STATUS.csv,84,73f4b3aca4edc5f82d5a1283f6eb19224fc69d03989d353131d0ef0a0b22d06c
results/ped_corrected_20260910/extension/PED_FULL_WELL_B_SENSITIVITY_STATUS.md,113,66c46d4b911a0d692582a8979d87f5f47523a71385d31cd3ae430bea599c3142
results/ped_corrected_20260910/extension/PED_HOLDOUT_CORRECTED_MODEL_METRICS.csv,666,79f334269726b6862145067caddc034c323709eb84596472361288ca11b5f730
results/ped_corrected_20260910/extension/PED_HOLDOUT_PROVENANCE_STATUS.csv,308,13c1998ffd6ee7639a0b1a29836592e292e157eaca87e635c896cfeeaa0c8eeb
results/ped_corrected_20260910/extension/PED_HOLDOUT_RECONCILIATION.md,395,d3cf2bfa8cdf341b2f4cbfec82e5c80c81ee2fabb50aa45f9e75c44d996dd9f0
results/ped_corrected_20260910/extension/PED_MANUSCRIPT_UPDATE_MAP.md,1801,10a2f79d2de721eef3d643e9f4e6b2f186e602632fb609e2054dc55ae71ba3fd
results/ped_corrected_20260910/extension/PED_MODEL_ARCHITECTURE_PROVENANCE.csv,1537,e67f0d8f9ce023d65a0871df38c5148957058815d509d806f94687cb05c024d0
results/ped_corrected_20260910/extension/PED_MODEL_ARCHITECTURE_PROVENANCE.md,839,7889257ec7d61d634931facbc853cbf32f3b72c077ca9bfd597f2e0a1e4bb82d
results/ped_corrected_20260910/extension/PED_MODEL_EXTRAPOLATION_SUMMARY.csv,317,82687093220df0ec4560663bfb119830cc5ef674457c17f5e821a8d56c63a1bb
results/ped_corrected_20260910/extension/PED_PAIRED_MODEL_BOOTSTRAP_CONTRAST.csv,429,ae65d830363e10866ac8f4eb4731cd76efb28de9fb9736518a89a343c70864dc
results/ped_corrected_20260910/extension/PED_PAIRED_MODEL_BOOTSTRAP_SUMMARY.md,254,03b103008fd75de80ba2487ac3534dbf1c711383aa753658e15e22652e2d4407
results/ped_corrected_20260910/extension/PED_PHYSICAL_FAILURE_ROOT_CAUSE.csv,333,4a31fcb527938fb6035c9ba4534ee974cdf7d633e996f23708320143d973d7fc
results/ped_corrected_20260910/extension/PED_PHYSICAL_PLAUSIBILITY_ALL_MODELS.csv,737,c94e36aaed293681db50cca137899fb6d454e0957782f7ff95f9a56dd6c29f3f
results/ped_corrected_20260910/extension/PED_PHYSICS_AUDIT.md,305,27315ec08e47d1bce0914db3caaa986b58f0dbe02dae0fc3f8faf6bcca6260c9
results/ped_corrected_20260910/extension/PED_PHYSICS_FORMULA_AUDIT.csv,260,b5c66a0b78a6c2ebd8dafd711d864c28234bea49eb861462b4601dcf235b1776
results/ped_corrected_20260910/extension/PED_POPULATION_DECISION.csv,555,617811470450b968207c72a2ddabebb9982648bd9460b7897b1f78e768ddd693
results/ped_corrected_20260910/extension/PED_POPULATION_DECISION.md,140,2f71d845083c3858bacb12741b54683e0b2767138d1fc51b8de759349a1d100d
results/ped_corrected_20260910/extension/PED_PREPROCESSING_BOUNDARY_AUDIT.csv,555,dba26f59d721e473229ab50699df361e8a8d95ffadbae06680fe904560b8b943
results/ped_corrected_20260910/extension/PED_TARGETED_EXTENSION_SUMMARY.md,2748,f6fb31e5ac2e63f8ad21775bdcf82c16c5f4a6b9a304628ec5d1124d5ed15f4d
results/ped_corrected_20260910/README.md,1596,d42baa78c37e89f0adb88e707d25756c9aa2411a9750c94f6cd53c096fcd95b5
results/reference_outputs_v5/README.md,990,33e1b2cc752b1847bee690ffd2fbfd53e7b080b2020eda690105751495f22b87
results/reference_outputs_v5/reports/00_environment__CONFIG_CANONICAL.json,1639,bf59849d1db1cade7e94c18a4d937b782464f32dd8d333f273ccc217aa9159d1
results/reference_outputs_v5/reports/00_environment__ENVIRONMENT_MANIFEST.json,155,b75ce21e62665b31478f460c0aae0996c5b150ce2acf8a1d21cfc58fc8b6ecd3
results/reference_outputs_v5/reports/00_environment__SEED_LEDGER.csv,4088,447d894302a73e69c8d6bf87e61304c85ef68fed9559732df180dd06be28548d
results/reference_outputs_v5/reports/01_data_audit__DATA_ROLE_COUNTS.csv,399,811f30875bf332d726f0a067f43c96409ed8a11806d6307afdeecd269959d37c
results/reference_outputs_v5/reports/01_data_audit__EXACT_DUPLICATE_REPORT.csv,109,5065d1394446028377254adb0e82624af8a6fbed919e70ceb2af9e7204e22852
results/reference_outputs_v5/reports/02_cv__NESTED_CV_OUTER_FOLD_METRICS.csv,492,ece129ad5903910fcfb840b2e7ab27a55c70c8bd3baa8a1dfc7837287dcb7512
results/reference_outputs_v5/reports/02_cv__NESTED_CV_SUMMARY.txt,126,4462909f61a22fcfc3f50b583a928cac3de5af8a650ea0850941ad45ecd4c29b
results/reference_outputs_v5/reports/03_models__CANONICAL_HYPERPARAMETER_POLICY.csv,81,ab948c3c8cabe5c89078e265b8bca753861546ae410a402776934f08f6c75ef8
results/reference_outputs_v5/reports/03_models__HISTORICAL_PROVENANCE_STATUS.csv,195,7b95d8f3ea264d04497131ba75429b588ee33b43b8b450d2f1b84f868570117e
results/reference_outputs_v5/reports/03_models__MODEL_ARCHITECTURE_MANIFEST.csv,347,126c0cbb282678562c6c1e8bfa76145852f3402ade7ea881b6921ad314d51316
results/reference_outputs_v5/reports/04_blind__BLIND_MODEL_COMPARISON_POP_A.csv,217,fdbda32b5b7f22c983ad7285356033d29bbaddf5bc59545ea4e3737634f0e45e
results/reference_outputs_v5/reports/04_blind__BLIND_MODEL_COMPARISON_POP_B.csv,217,2775bae579bb0a11abeae16fe4f44f90a60c2551a6fb41f8c972f6699088f4f1
results/reference_outputs_v5/reports/04_blind__POST_HOC_MODEL_STATUS.csv,150,25fd89cbdf8302f7432481ab6a523c5b63513244b90c630c227698d6e63a15b1
results/reference_outputs_v5/reports/04_blind__PRIMARY_STATUS.csv,225,924991f47979833a0f170f1a59167ee3e65ba99d644c86f0475abe636e4dd437
results/reference_outputs_v5/reports/05_diagnostics__DOMAIN_SHIFT_DIAGNOSTICS.csv,752,725b497337075cfe80dd26e7a1aa94b9b0339d241ead6a1e45a6892b003ec578
results/reference_outputs_v5/reports/06_bootstrap__BLOCK_BOOTSTRAP_SUMMARY.csv,271,c1eb86cdb5ae0572f66f2046797649bbac9ecf7e36cc502c8f3e02dbaf83fa02
results/reference_outputs_v5/reports/06_bootstrap__BLOCK_LENGTH_SENSITIVITY.csv,1216,e6a65c0005852a41200523fc48be94e0ce0ba5165200bb0fdf65ccf77221a9f2
results/reference_outputs_v5/reports/07_geomech__GEOMECHANICAL_MODEL_COMPARISON.csv,245,1135113bdf03ae1b30252495e858f2dae24f6628e707423303ee267925c4c3ed
results/reference_outputs_v5/reports/08_freeze__NRR_NUMERICAL_RESULTS_SUMMARY.md,652,fe6a5ffbf7032b907395a788b86d23bf05110d5a0ca3b2e2fba6d731ec18b05b
results/reference_outputs_v5/reports/08_freeze__RUN_MANIFEST_SHA256.csv,16509,bd1941dc69fa3b29078a6f0a322e3579ed7887ad259db52f33d0a514d6fdb8ea
results/reference_outputs_v5/reports/CROSS_RUN_REPRODUCIBILITY.csv,3457,e77d373897f439f6c9b5e19ebb11dec4725d0858278a8e8834d81545d064ad98
results/reference_outputs_v5/tables/NRR_NUMERICAL_RESULTS_SUMMARY.md,652,fe6a5ffbf7032b907395a788b86d23bf05110d5a0ca3b2e2fba6d731ec18b05b
results/reference_outputs_v5/tables/TABLE_1_BLIND_POP_A.csv,217,fdbda32b5b7f22c983ad7285356033d29bbaddf5bc59545ea4e3737634f0e45e
results/reference_outputs_v5/tables/TABLE_1_BLIND_POP_B.csv,217,2775bae579bb0a11abeae16fe4f44f90a60c2551a6fb41f8c972f6699088f4f1
results/reference_outputs_v5/tables/TABLE_S1_NESTED_CV.csv,492,ece129ad5903910fcfb840b2e7ab27a55c70c8bd3baa8a1dfc7837287dcb7512
results/reference_outputs_v5/tables/TABLE_S2_DOMAIN_SHIFT.csv,752,725b497337075cfe80dd26e7a1aa94b9b0339d241ead6a1e45a6892b003ec578
results/reference_outputs_v5/tables/TABLE_S3_BOOTSTRAP.csv,271,c1eb86cdb5ae0572f66f2046797649bbac9ecf7e36cc502c8f3e02dbaf83fa02
results/reference_outputs_v5/tables/TABLE_S4_MULTISEED.csv,637,1c9b91b2b48e1c451f6b72a67f73aa011ffb3c8fe90cf6014541c76ba8cb5137
results/reference_outputs_v5/tables/TABLE_S5_GEOMECH.csv,245,1135113bdf03ae1b30252495e858f2dae24f6628e707423303ee267925c4c3ed
run_integrity_tests.m,1000,636568120f4eb873c759406c6d003a2fda4b04c64c596dd96d05a4a52aed4d91
run_ped_corrected_pipeline.m,5780,453d9fde6f8da976591f668954f7461535d2e28345fc50dc010674fa4ee17273
run_pipeline.m,328,8aa32cd0f48fb2e0212a5e969a4dea4b3f832120a97ebcf4b1a2bb8ef79f9b7c
run_public_release_tests.m,1440,169e53867990d756565ae91e501b26174cba84d58900e451f2ecbfe9ebeed0cf
run_reproducibility_check.m,5182,9bf548c41e28ba156c4330009b9cc3e979c5477b13791b60487e7aa107552aab
selftest_ped_codex_patch_v3.m,6168,3e39ac0db6b159e071fec4d3805cfefae2ff9ce65c77f860b4bb196f692b9863
tests/test_canonical_pointer_unchanged_on_failure.m,1084,e3bab196a31e363775a5dc88733ff77da86d7798f87ad5eb5909164078dd14d8
tests/test_canonical_pointer_updates_after_success.m,1095,4635680110bf6c6117903f95c901b6734989b0a66ce0a999123049eb08fed0fe
tests/test_fit_frozen_deployment_single_api.m,1173,9a0ba193e4f3be5afff5844b7bf182bf9f0b102d144f9df24a3df18a04d15ba1
tests/test_frozen_model_roundtrip.m,1366,05bb6c620e3b4e1f04195863bb66c628857869d7727d6ccac98b93de7e578d7b
tests/test_gate11_reload_roundtrip_without_warning.m,865,72e7d903be51024944033d956516b874b755fbba5923fe1a29e90b1430cbc52c
tests/test_gate16_canonical_equals_gate11.m,1468,f9013df177e89810e307e638ff1646f9f0c7ffeb6c086ff25ecb0eeae687d1a0
tests/test_gate16_canonical_prediction_vector.m,920,4b03043c4a2bf4a2e2e82a96ff8758541844486bccbff5640f574714bb60f87b
tests/test_gate17_fails_on_hash_error.m,482,3a77d12514c1cfa2107646a2914bb0ca2cfa0df7e2985624033d5ea9d05495f2
tests/test_gate17_fails_on_manifest_schema_error.m,654,150b5a8c43ab58e238d80371fbb0e584e52c2f6ff36c68683fbbe4184d5266c2
tests/test_gate_fails_on_geomech_contradiction.m,682,6ccbb7caff97457788de5aff063796a1a7f1f687ecf1b8c843cddff9d286eac7
tests/test_gate_fails_on_scaling_mismatch.m,739,84f553c0aa1ccc8fc7932f29fc00086e018c3f70768eaaf66911b10350aab294
tests/test_geomech_all_ok_invariants.m,951,617ef09de2b8dce8eff37ca794a77085f31d78fa882c28e6f506aae8a29968fa
tests/test_geomech_failure_reason_counts.m,1197,5ff648ab65d786291e3e9378c1690a0a02e728caa8a37c3ad7221e63871b16fd
tests/test_geomech_vpvs_failure_included.m,926,ddd5fe25d11bd50d4b96640e5f85d0606f87c6fa775b5e9e1a5e28341d22a22c
tests/test_manifest_all_rows_four_columns.m,538,203b928ad18b1a063cc58bd313a3179ebe22d201421496a62edda01a41464c68
tests/test_manifest_bytes_numeric.m,976,f926f81e413713c50f2757fb2f8776a16fb579c8218194495195971a7c7cff89
tests/test_manifest_completeness.m,1204,f078872450056f0dc36babb98b4fceacac628b9fae8f6fbdb27d1cd64db2923a
tests/test_manifest_excludes_itself.m,1044,9814413193b04e22a587d376b264e10b4d9ed256053e6aa7fe23bb7b257d259a
tests/test_manifest_relative_paths.m,1004,c574fb55017a4ff3c1db523b35853d53f1e12fb37d1173d0e8237e991abb595a
tests/test_manifest_table_construction.m,746,20611e69177a6caed81ce216eb6cd6d837c3cdccfcc41548c1a91a528e9c4aad
tests/test_manifest_unique_paths.m,959,103ad3c3bcf1c54a51880ec021c55105ad5cbe9ae5fdee74251b60cefa56a7d8
tests/test_meta_scaler_fit_on_oof_only.m,793,6c0384b8e2b95f9682715864714143d6cf4f171b27c8baa76cdbb4dd3ed6c972
tests/test_no_hardcoded_metrics.m,1140,4b1965cc5dd2ca0f863cd3078057ee35399224576c8ddb7fc01ec378ec3f06a4
tests/test_no_v4_entrypoint_called.m,898,ab3937d1d6e97d0daf2130c8ad6c4367baf52a90576c0ab3a06d7fa5fcadfee3
tests/test_popb_target_informed_label.m,893,2092b23394a531af62e769148d9a7ad7fa41570832a1adf42d8902d4476ae877
tests/test_seed_ledger_csv_roundtrip.m,1197,aa3e40bf9b019c0e97cce8843f090abab7240d0e18503fd9e14cf4515e99c470
tests/test_sha256_abc_known_answer.m,589,5b0481f2c1add602f2306938e63dc92478a6a061416abdf338347e7899bc4b39
tests/test_sha256_empty_known_answer.m,624,80dec8d7fdacec566198d4b6a8b82eb549abf56c5ec9c4af44609bdac1711d73
tests/test_sha256_known_answer.m,557,a4b901a4682c9e4aef7f2e45d00127047e1b340476da67e79794cf2d0d310b8a
tests/test_sha256_mutation.m,565,f6c94bed9649a1d6175c1697f043a3079afd6d47b209782b8126ee10470420de
tests/test_sha256_nonzero.m,956,7a2f62852d7f2d8625435735127360029bafa577f4496ba20fd52a1f721bc4ea
tests/test_stacker_roundtrip_serialization.m,696,42f56bf3a2b31cb5832d04667a37169630ea20df9669f495fd4a86a97c8d6679
tests/test_stacker_train_predict_same_space.m,627,e0be2837cce05784475add39a90b180f10fdd9b74a415b1754c9b9f1c9abe9cf
tests/test_true_sha256_format.m,937,9504e3c08361f473d951039291a200b7dd9339341b8058166cbde9e9eb044237
VsPredict_PED_Extension_Codex_v2/README.md,2591,59441ecf1c23ad4a06df3b11dff9642ec4663aa3e3e295bcb4a64323780d1bd0
VsPredict_PED_Extension_Codex_v2/run_vspredict_ped_extension_codex.m,30992,83d64fcea3891b8efa812905af2ce00de85cb54ab2a6a971ed387e4c13090fee
VsPredict_PED_Extension_Codex_v2/selftest_vspredict_ped_extension_codex.m,2129,0fc4aa9897442a2623f0c4f59f76aba3ce4a868dd50deecf72a302a645d9bbc2
