FILE,BYTES,SHA256,PROVENANCE_SCOPE
Fig1.tif,1067729,09d045a39a1e9d22c534c3d3a21d56dadfa6010fdcd8a15e71a231584d8ce6f9,R1/E1/C1 aggregate or authorized-input figure source
Fig1_preview.png,285685,d17decd3d177226b3474c6fc20a0009d0dc78410a02a1a3d4de2b5c13e558535,R1/E1/C1 aggregate or authorized-input figure source
Fig2.tif,2560131,e3c536129aada5ddcef50e00f61277049bc4ce0b06fcea9f9c9cdd1c4984540d,R1/E1/C1 aggregate or authorized-input figure source
Fig2_preview.png,169152,16f4adb9ace6cf2da73104a61880f18006527bc3009d9da807a732722adb984f,R1/E1/C1 aggregate or authorized-input figure source
Fig3.tif,5306627,b23d5782e5f4cf317abcadd9e2e86f2682f05476c2f5b813ec5960a30b35fe7f,R1/E1/C1 aggregate or authorized-input figure source
Fig4.tif,144394,9ca3254c6b47ad4f17db5e5e3f11f6d761a1cfed1f1e8070fde572c1fe057a07,R1/E1/C1 aggregate or authorized-input figure source
Fig5.tif,2327047,7437e5e405ad33d3831af7746688f01b253dbe14199fa9dd3dcfe686e1425782,R1/E1/C1 aggregate or authorized-input figure source
Fig6.tif,901715,4506914dc8094dc8721376fc7c50ab89c8feaf4b723be3794543afe84ad4536c,R1/E1/C1 aggregate or authorized-input figure source
Fig6_preview.png,261215,460fabbc1d0eb65750807e464f1f2d0d274290e9785c00d212a459aad362436b,R1/E1/C1 aggregate or authorized-input figure source
Fig7.tif,458124,f2113de8545f9dffa3ec9a598631c54bfcb9e30198d52e9ea3c608ef4cfa3c9d,R1/E1/C1 aggregate or authorized-input figure source
Fig7_preview.png,234940,6a97c511317f6756e3379e215bca48b5de9c07df48af9625e7773d58ca5f1c44,R1/E1/C1 aggregate or authorized-input figure source
Fig7_rock_physics_summary.csv,455,0d9d3af24dc32cb550748b842f553afe9cfe8939a2bf91b7f1dafa6e5eff12f7,R1/E1/C1 aggregate or authorized-input figure source
Fig8.tif,5813479,7b8d29840096fb5221630f80aee6e03e12c6a96772b3423dc7591739ff24fcd9,R1/E1/C1 aggregate or authorized-input figure source
Fig9.tif,287504,35da37e73d9e8a3c7b6d78d945d7699fc7aa98ce66f51cc672a59544d6e31a78,R1/E1/C1 aggregate or authorized-input figure source
Fig9_preview.png,86350,52123b5f0b49850aded3703c5170106867b4c48e40b2eb2cf18470862452529a,R1/E1/C1 aggregate or authorized-input figure source
FigS1.tif,7893545,92b3a22fa025ad5a6ce0e6f06b42791a6c56a8ba6d1105faad8b92dd22123865,R1/E1/C1 aggregate or authorized-input figure source
FigS2.tif,2877253,991a95ed61c6d4a297ea1f534e5d56cfbce5c36465231a6e94bad288e6f810df,R1/E1/C1 aggregate or authorized-input figure source
JAG_Fig1_well_logs_qc.png,285685,d17decd3d177226b3474c6fc20a0009d0dc78410a02a1a3d4de2b5c13e558535,R1/E1/C1 aggregate or authorized-input figure source
JAG_Fig2_validation_workflow.png,169152,16f4adb9ace6cf2da73104a61880f18006527bc3009d9da807a732722adb984f,R1/E1/C1 aggregate or authorized-input figure source
JAG_Fig6_all_model_external_comparison.png,261215,460fabbc1d0eb65750807e464f1f2d0d274290e9785c00d212a459aad362436b,R1/E1/C1 aggregate or authorized-input figure source
JAG_Fig6_external_model_metrics.csv,542,6e8678afa054f184bfa6e12bad34720bf3efa339d4e5077244c753a36a0980ec,R1/E1/C1 aggregate or authorized-input figure source
JAG_PopA_error_decomposition.csv,384,1df33afb4dbad6a351440f85fe739f5aafd05dcad89adbb16e6bb1b6b01efee6,R1/E1/C1 aggregate or authorized-input figure source
JAG_PopB_VpVs_bands.csv,536,b35e85b4562d74699ac0d6d866630dec5bba6dbf316536ab052464c07da06001,R1/E1/C1 aggregate or authorized-input figure source
README.md,759,20600939500c1d20279d0a01a2f4ec19e5e311d10ec4d80c7b9da8331e1335b9,R1/E1/C1 aggregate or authorized-input figure source
