"FILE","SHA256","BYTES","PROVENANCE"
"Fig1.tif","2907d0fbf2d5c98b6a2569900d8553c7f2bfee053ffa69b80814f9bc1ebb624b","3278381","run_PED_corrected_20260910_071523 + run_AJSE_ICNN_corrected_20261001_111157"
"Fig2.tif","a0a8fd1e248deac9140956b15dc5e6978b1679dd03c182d38b5bfa44e74b63c5","16532145","run_PED_corrected_20260910_071523 + run_AJSE_ICNN_corrected_20261001_111157"
"Fig3.tif","b23d5782e5f4cf317abcadd9e2e86f2682f05476c2f5b813ec5960a30b35fe7f","5306627","run_PED_corrected_20260910_071523 + run_AJSE_ICNN_corrected_20261001_111157"
"Fig4.tif","9ca3254c6b47ad4f17db5e5e3f11f6d761a1cfed1f1e8070fde572c1fe057a07","144394","run_PED_corrected_20260910_071523 + run_AJSE_ICNN_corrected_20261001_111157"
"Fig5.tif","7437e5e405ad33d3831af7746688f01b253dbe14199fa9dd3dcfe686e1425782","2327047","run_PED_corrected_20260910_071523 + run_AJSE_ICNN_corrected_20261001_111157"
"Fig6.tif","b021f4239323cb99715f92accd9ed5915239c6bcd2268b36018db576f40e8810","3757229","run_PED_corrected_20260910_071523 + run_AJSE_ICNN_corrected_20261001_111157"
"Fig7.tif","7b8d29840096fb5221630f80aee6e03e12c6a96772b3423dc7591739ff24fcd9","5813479","run_PED_corrected_20260910_071523 + run_AJSE_ICNN_corrected_20261001_111157"
"Fig8.tif","20544c5bcb7ba0e6d32799512ea1b4d3ed2045c508ab5d113e180b36f19e9432","3623205","run_PED_corrected_20260910_071523 + run_AJSE_ICNN_corrected_20261001_111157"
"FigS1_AJSE.fig","637cfc82d1c42002ceae0f722baed565a1d66212b035422a508a7d822d2fe1ac","27772","AUDIT_CORRECTED_20261002"
"FigS1_AJSE.pdf","d040bbec66b7f831e511af5844b64f14d61012c6903581023f50276da67efbc1","51386","AUDIT_CORRECTED_20261002"
"FigS1_AJSE.png","0316ce68097029eb028f36524431f0f457a8e62613da310ec395da77b1aeef2a","275185","AUDIT_CORRECTED_20261002"
"FigS1.tif","92b3a22fa025ad5a6ce0e6f06b42791a6c56a8ba6d1105faad8b92dd22123865","7893545","AUDIT_CORRECTED_20261002"
"FigS2.tif","991a95ed61c6d4a297ea1f534e5d56cfbce5c36465231a6e94bad288e6f810df","2877253","run_PED_corrected_20260910_071523 + run_AJSE_ICNN_corrected_20261001_111157"
"make_figS1_ajse_corrected.m","91330e9410073772394dce83342f3545793bc01ccdb34dd927ea821776c86e0f","5014","AUDIT_CORRECTED_20261002"
