FILE,SHA256,BYTES
00_provenance\AJSE_ICNN_CONFIG.json,9875d6b9dbab6288ded5f01017b85ece52d6f997cc46233eaf0ff3818b766ff8,611
00_provenance\AJSE_ICNN_SOURCE_MANIFEST.csv,fbad46efb16e45ccdfa7b64c4888a86384735ce6d8ac43f055519bff5bdf06df,908
01_nested_cv\AJSE_NESTED_FOLD_METRICS.csv,ed951513bd1621aeb0a0c22b8ed58579190338e6171313ccaafb75656f331a4b,1473
01_nested_cv\AJSE_NESTED_OOF_PREDICTIONS.csv,a6b19560d363dc09fb79e3ba7288a86edf8753d23883290b3b33fb65108ae89c,32241
01_nested_cv\AJSE_NESTED_POOLED_METRICS.csv,c841f9f44ad18a59c2524f17ec2ddc9f2a1492db9edba3b521167a7c968a0954,542
01_nested_cv\AJSE_NESTED_TRAINING_LEDGER.csv,18055329832d68715a157a598a604bf83e54e35a8d8a6a8c9bc558e544b09f62,503
01_nested_cv\NESTED_CHECKPOINT.mat,bdeddf443f2c8134b15435783f170a363a91149785cc1c3300321941675ce5f6,28504
02_holdout\AJSE_DEV_FROZEN_EXTERNAL_METRICS.csv,49da615ffdb97542c3fcb8f4db15c31bfdb9dde17ea6dd2b1062e61a17bfd189,1278
02_holdout\AJSE_HOLDOUT_METRICS.csv,43e5c618d69e2256db9bdc5f582614da9ac1de6daa8c75639a1f3434ab1bd9c7,543
02_holdout\AJSE_HOLDOUT_PREDICTIONS.csv,35b9973adec6772a0d8b9f7f25540ac0c19a4363854db712046038fcd6663025,8309
03_external\AJSE_EXTERNAL_POPULATION_METRICS.csv,6fa4a395fe07d9d4a66e86c81ef4ce972cd20c5037606dd7b2c90ace2bf97f08,1663
03_external\AJSE_EXTERNAL_ROW_PREDICTIONS.csv,228dd23e056ec467616a812315496257cb4dad128d12f9169fe946c876e33dd2,50774
03_external\AJSE_POPA_PAIRED_BLOCK_BOOTSTRAP.csv,18c16b159d72ddf0b09973455223f0feb908b1eb657de7f59a2db4152f156418,652
04_freeze\AJSE_ICNN_MODEL_ARTIFACTS.mat,3774812aea8593c35051433c3521abf9d60c94bb079decfc32501ede029b5595,802560
04_freeze\AJSE_ICNN_NUMERICAL_RUN.mat,703fc3ef124cf0d517bbbbc3e55a83039becb0530d0f2cc0b4bca0c40ab22f2e,218558
04_freeze\AJSE_ICNN_RESULTS_SUMMARY.md,8a074b1d23b0baf0c0677822f331195647c3efc91093855ee88b9ff0aaaf7cc6,1676
