"FILE","SHA256","BYTES"
"00_provenance/AJSE_ICNN_CONFIG.json","9875d6b9dbab6288ded5f01017b85ece52d6f997cc46233eaf0ff3818b766ff8","611"
"00_provenance/AJSE_ICNN_SOURCE_MANIFEST.csv","fbad46efb16e45ccdfa7b64c4888a86384735ce6d8ac43f055519bff5bdf06df","908"
"00_provenance/AJSE_PUBLIC_SOURCE_MANIFEST.csv","a171f905a1afde937f3b891314d496058b57bed72d934190c553943cdf3f7688","866"
"01_nested_cv/AJSE_NESTED_FOLD_METRICS.csv","ed951513bd1621aeb0a0c22b8ed58579190338e6171313ccaafb75656f331a4b","1473"
"01_nested_cv/AJSE_NESTED_POOLED_METRICS.csv","c841f9f44ad18a59c2524f17ec2ddc9f2a1492db9edba3b521167a7c968a0954","542"
"02_holdout/AJSE_DEV_FROZEN_EXTERNAL_METRICS.csv","49da615ffdb97542c3fcb8f4db15c31bfdb9dde17ea6dd2b1062e61a17bfd189","1278"
"02_holdout/AJSE_HOLDOUT_METRICS.csv","43e5c618d69e2256db9bdc5f582614da9ac1de6daa8c75639a1f3434ab1bd9c7","543"
"03_external/AJSE_EXTERNAL_POPULATION_METRICS.csv","6fa4a395fe07d9d4a66e86c81ef4ce972cd20c5037606dd7b2c90ace2bf97f08","1663"
"03_external/AJSE_POPA_PAIRED_BLOCK_BOOTSTRAP.csv","18c16b159d72ddf0b09973455223f0feb908b1eb657de7f59a2db4152f156418","652"
"04_freeze/AJSE_ICNN_OUTPUT_MANIFEST.csv","cd32d6cd61d547bd9c61a189741fec8ebb2c93601d2cc4eed5acb8bc4af77e3b","1832"
"04_freeze/AJSE_ICNN_RESULTS_SUMMARY.md","8a074b1d23b0baf0c0677822f331195647c3efc91093855ee88b9ff0aaaf7cc6","1676"
"README.md","1b6fbbfa284bae1637b60c087adc1fc55367a88d96cbb3288484263cf40ac43c","1382"
