FOLD,MODEL,N,R2,RMSE,MAE,BIAS,RIDGE_REPRO_MAX_DIFF
1,Ridge_stacker,78,0.299214953119111,0.0743696798103219,0.0628916733559898,-0.026405685614458,0
1,I_CNN,78,-0.0137096156879875,0.0894458677146107,0.076889985353833,-0.0169214705337101,0
1,Hybrid_I_CNN,78,0.0611462058994896,0.086080044199255,0.0735227272534851,-0.0176229279049288,0
2,Ridge_stacker,78,0.387975618181901,0.0530759581479557,0.0438535983942683,-0.00829853255711627,0
2,I_CNN,78,0.0492605663293728,0.0661521912862212,0.0580821883616092,-0.00361294237340006,0
2,Hybrid_I_CNN,78,0.0623699847282165,0.0656945333041787,0.0565547658399158,0.00227798656149753,0
3,Ridge_stacker,78,0.681263992205078,0.0404359371829236,0.0322423549681742,0.00203806394419445,0
3,I_CNN,78,0.0612018161619929,0.0693965801768699,0.0574984263745041,0.055659308736736,0
3,Hybrid_I_CNN,78,-0.462252931150044,0.0866090348833602,0.071164755516829,0.0694700530218994,0
4,Ridge_stacker,78,0.548756867659453,0.0650678305937554,0.0500968171783329,0.0445802505466554,0
4,I_CNN,78,0.204534914514224,0.0863916136272179,0.0744416809056057,0.0616756920991338,0
4,Hybrid_I_CNN,78,0.114131038753177,0.0911687010925375,0.0823179332500909,0.0708226343545944,0
5,Ridge_stacker,80,0.658903371098479,0.0539571502401925,0.039003649425674,-0.0327899706829661,0
5,I_CNN,80,0.0518233790783946,0.0899611320792093,0.0567800913501769,0.0508887954521915,0
5,Hybrid_I_CNN,80,0.763929657753102,0.0448880774929202,0.035458505879491,0.0092976874246948,0
