DEPTH,ROW_ID,NU_MEAS,NU_PRED,G_MEAS_GPa,G_PRED_GPa,K_MEAS_GPa,K_PRED_GPa,E_MEAS_GPa,E_PRED_GPa,VPVS_MEAS,VPVS_PRED,NU_PRED_VALID,VPVS_PRED_VALID,G_PRED_VALID,K_PRED_VALID,E_PRED_VALID,ALL_GATES_VALID
2675.3048,3,0.0122260240318895,-1.10281354784802,8.47277400743541,13.07816508516,5.8608855526067,-0.279635884359456,17.1527246921342,-2.68922510349479,1.42304776346781,1.14540448905815,0,0,1,0,0,0
2675.4572,4,0.0395664661225821,-1.12240830690929,8.2078720135496,13.0876649783901,6.17724229862014,-0.329148321167191,17.0652570070244,-3.20407782280137,1.44427596666413,1.14375863992191,0,0,1,0,0,0
2675.6096,5,0.0442633902378425,-1.16102184546677,8.11309147279295,13.077564313494,6.19671115962502,-0.422585961309733,16.944408813377,-4.21154707993824,1.44814534442964,1.14062242693349,0,0,1,0,0,0
2675.762,6,0.0364832549421444,-1.28743563953868,8.03342553697509,13.048967237757,5.98792538254468,-0.699463551831156,16.6530220977986,-7.50147648660792,1.44177310301224,1.13125167476122,0,0,1,0,0,0
2675.9144,7,0.0660283747691365,-1.07517826875259,7.90112228247814,12.9073008135239,6.46956318181834,-0.205341526242621,16.8456410912848,-1.9406970588592,1.46702047014482,1.14779109131481,0,0,1,0,0,0
2676.0668,8,0.0816472105007643,-0.908948506977506,7.90112228247814,12.8013735639891,6.80942583323648,0.275757457888535,17.0924537533358,2.33116835147979,1.48160842935241,1.16399079598903,0,0,1,1,1,0
2676.2192,9,0.0819010479530596,-0.811257434784813,8.03342553697509,12.770825408636,6.92927791738834,0.612744755173827,17.3827430142124,4.82079669508248,1.48185328190506,1.17529288969266,0,0,1,1,1,0
2676.3716,10,0.0808845614518198,-0.781993829260358,8.24458849375216,13.0072391466973,7.08750509508738,0.737304224493881,17.8228968368401,5.67131679653249,1.4808743169188,1.17899002452194,0,0,1,1,1,0
2676.524,11,0.0716412191218448,-0.785987705887882,8.46670903114325,13.2123832375738,7.06049445240246,0.732928843828358,18.1465487761686,5.65522489472333,1.47215686267124,1.17847622178336,0,0,1,1,1,0
2676.6764,12,0.060170244233756,-0.738820704638077,8.73392926993476,13.2962112521203,7.01745149180569,0.934408848891656,18.5189038544542,6.9453901716241,1.46178092986118,1.18474033326105,0,0,1,1,1,0
2676.8288,13,0.0339225431156833,-0.692575006856923,9.16052364429747,13.3786388506469,6.7737466971677,1.14959308870184,18.9425438051668,8.22585591384764,1.43971631204067,1.19132734406751,0,0,1,1,1,0
2676.9812,14,0.0259877957180827,-0.593854412675584,9.5634355050325,13.4865132197288,6.89994056739849,1.66917028113678,19.6239362266007,10.9549756651705,1.43346613550439,1.20710364968044,0,0,1,1,1,0
2677.5908,18,0.00181178562278372,-0.388637631256627,10.6980230231106,13.7169731022924,7.17092137611344,3.14565460387111,21.4348110948322,16.7720823356132,1.4154987634278,1.25006361595182,0,0,1,1,1,0
2677.7432,19,0.0147182874237093,-0.354896595453739,10.7233909783967,13.7374483741528,7.47416098524624,3.45541779090483,21.7624418579471,17.7241494318889,1.42489626553839,1.25891463408649,0,0,1,1,1,0
2677.8956,20,0.0147182874237093,-0.36652116751018,10.7342629294651,13.8197930068147,7.48173869202506,3.36769858889228,21.7845057930853,17.5090926784159,1.42489626553839,1.25579454893454,0,0,1,1,1,0
2678.048,21,0.00181178562278372,-0.41442212505786,10.7088950158549,13.8717525797592,7.17820890998794,2.96106549144888,21.4565944757611,16.2459827947571,1.4154987634278,1.24370149908026,0,0,1,1,1,0
2678.5052,24,0.0728925246922518,-0.900989056761452,8.33446399883426,13.332933450171,6.97871506870951,0.3140891335939,17.8839682433319,2.64021263407644,1.47331786538507,1.16485652544345,0,0,1,1,1,0
2678.6576,25,0.116715896197541,-0.964124535375056,7.64731501291584,13.1370418909569,7.42693487975055,0.107299042362475,17.0797564763065,0.942594963270879,1.51806302843239,1.15823184415369,0,0,1,1,1,0
2678.81,26,0.186089823195544,-1.0470413290662,6.54266727647808,12.8203896023984,8.24035201426341,-0.129944420297062,15.5203821463703,-1.20617633208663,1.61022120517544,1.15030325181459,0,0,1,0,0,0
2678.9624,27,0.206407846594809,-0.92947756411421,6.03315900898624,12.081901836824,8.26367494700499,0.198684509888015,14.5569007363903,1.70409029533167,1.64409330325407,1.1617995255285,0,0,1,1,1,0
2679.1148,28,0.198748914459742,-0.769850269009847,6.02212947036265,11.4922770632677,7.98782312810234,0.69429300422895,14.4380423306665,5.28988894915073,1.63087248322205,1.18057071350024,0,0,1,1,1,0
2679.2672,29,0.184379499987607,-0.390580314037221,6.10005606948055,10.0956380160031,7.63024091399222,2.30279831862881,14.4495627149355,12.304961098613,1.60753880268017,1.24957259808447,0,0,1,1,1,0
2679.4196,30,0.167557546084041,-0.495792716282498,6.31631415121067,10.5292877565322,7.39442286809307,1.77712472766436,14.7493205013669,10.6178871584021,1.58240946046961,1.22560700465985,0,0,1,1,1,0
2679.572,31,0.154636220500406,-1.1110739462396,6.78224582522305,12.6692936709742,7.55823969871882,-0.291157428949404,15.6620533722804,-2.81445688820695,1.56452830198734,1.14470607001958,0,0,1,0,0,0
2679.7244,32,0.14709418433374,-0.972495260553773,7.34704651443859,13.2554045579298,7.96034329332414,0.0825325686692044,16.855508657484,0.729172897240394,1.55460883029396,1.15739347966629,0,0,1,1,1,0
2679.8768,33,0.0616247741479502,-0.333291068329314,9.87549258247379,13.2117715323694,7.97191307370005,3.52354114050584,20.968135164937,17.6168121676464,1.46307053939572,1.26492309345128,0,0,1,1,1,0
2680.7912,39,0.0222800253907759,-1.2757076326202,8.09371638524584,12.9254021622093,5.77328772194285,-0.668959980675108,16.5480891836297,-7.12726406161351,1.43060765192152,1.13206796847242,0,0,1,0,0,0
2680.9436,40,0.0484022556621665,-1.26829740311486,7.86402780458172,12.9181996959368,6.08555186725775,-0.653343987882307,16.4893289778269,-6.93183886267793,1.45161290324529,1.13258901014913,0,0,1,0,0,0
2681.096,41,0.0228538122730959,-1.13089179649727,8.38128837503926,13.1365891709287,5.98896312190998,-0.351437939275999,17.1456655323382,-3.43894351285879,1.4310474754591,1.14305762388426,0,0,1,0,0,0
2681.2484,42,0.0319237959319198,-0.900992751722569,8.79577614254547,13.4067211698538,6.46374146367471,0.315814760596957,18.1531414103659,2.65472514290001,1.43812451959888,1.16485612141971,0,0,1,1,1,0
2681.4008,43,0.0940959654920841,-0.439327084823862,9.09878160373603,13.2525488532567,8.17511808803915,2.63676175534494,19.9098804870824,14.8606903981392,1.49392712548798,1.23785942127152,0,0,1,1,1,0
2681.5532,44,0.0274999513453924,-0.503983199104315,9.5104164157933,13.0668458478192,6.89379287355039,2.15188696418247,19.5439048090041,12.9627501504647,1.43464314351522,1.2239347621145,0,0,1,1,1,0
2681.858,46,0.0133837429605642,-0.561100013158735,9.36443454759782,12.9053207929507,6.50051287523729,1.77933121476679,18.9795314651078,11.3282902524167,1.42390438252408,1.21293409415563,0,0,1,1,1,0
2682.62,51,0.0167239489565928,-2.11696320922201,7.53292097227613,12.8679551848743,5.28262686965675,-1.83075208047411,15.317802316221,-28.7460650388444,1.42639593905836,1.09135748034272,0,0,1,0,0,0
2682.7724,52,0.0830436891407917,-1.69056691821101,6.93603020585158,12.41886181749,6.00544433273091,-1.30499781612033,15.0240474842749,-17.1521102659849,1.48295866570728,1.1082650475306,0,0,1,0,0,0
2682.9248,53,0.0975506055764744,-1.22531010760557,6.7847884980849,11.7957217564428,6.16777233607062,-0.513472008406634,14.8932974495628,-5.31539067645898,1.49746192890141,1.13569492992239,0,0,1,0,0,0
2683.0772,54,0.0989534123904664,-1.11842395892158,6.7691644907696,11.6189506723005,6.18298608856084,-0.283395486813645,14.8779928323272,-2.75192427425668,1.49891225519581,1.14409026507761,0,0,1,0,0,0
2683.2296,55,0.0860166059500013,-1.34303495338886,6.91661020546868,12.0116727011383,6.04819230914613,-0.745224351746716,15.0231070800445,-8.24084717031453,1.48585931829607,1.12751569989956,0,0,1,0,0,0
2683.382,56,0.137312046868053,-0.876251208583757,7.15448280190775,12.4826149866164,7.47831058761393,0.374134341335755,16.27375895944,3.08941703661613,1.54226961160829,1.167606854353,0,0,1,1,1,0
2683.5344,57,0.111917630622701,-0.934401899516461,7.70871252163386,13.0808307621006,7.36222860450997,0.199404283887639,17.1429067244133,1.71615530148089,1.51274131279754,1.16128262751107,0,0,1,1,1,0
2683.6868,58,0.0454171459670984,-0.861648840989672,8.57908614519486,13.1767699456307,6.57652297657664,0.446277909328778,17.937447505831,3.64604278798094,1.44910644905285,1.16927407800301,0,0,1,1,1,0
2683.8392,59,0.00317674085738456,-0.728462494875875,9.10432344218259,12.9827251557466,6.12776297564501,0.956560690892955,18.2664910368804,7.05059359700731,1.41647241644652,1.18617571749603,0,0,1,1,1,0
2685.9728,73,0.0167130648993668,-0.582021398675799,9.84937506292992,13.7058945372525,6.9068618662946,1.76483590053112,20.0279766151498,11.4575412571556,1.42638777151129,1.20917247321267,0,0,1,1,1,0
2686.1252,74,0.0231109974140218,-0.47433112674965,10.0309536597078,13.5794343443936,7.17342257013448,2.44211499055346,20.5255580075951,14.276571902389,1.43124491453789,1.2301107923415,0,0,1,1,1,0
2686.2776,75,0.0258517827789226,-0.431576200884662,10.1136438318012,13.5214257734814,7.29385114782004,2.75014189224652,20.7501991104887,15.3718004152366,1.43336058868752,1.23964702484831,0,0,1,1,1,0
2686.43,76,0.0415631955284467,-0.364061898072482,10.1437299630221,13.433601525508,7.68214629352735,3.29565087687949,21.130671589726,17.0858781123644,1.44591246902554,1.25644826697927,0,0,1,1,1,0
2686.5824,77,0.0471290185918694,-0.324378752777082,10.2416751881209,13.4135950580699,7.89360600019609,3.66437950693073,21.4487105769475,18.1250196457527,1.4505403158614,1.2674846468292,0,0,1,1,1,0
2686.7348,78,0.0329028397794956,-0.33208778898939,10.4436666533883,13.5067911287382,7.69810784755699,3.6139418804238,21.5745858879903,18.042701452908,1.43890274316789,1.26526603302507,0,0,1,1,1,0
2687.8016,85,0.01357399107492,-0.469353979966436,9.9850068767308,13.3583266417741,6.93530847807204,2.43754879134768,20.2410865419171,14.1770857335315,1.4240454914941,1.23118132104991,0,0,1,1,1,0
2687.954,86,0.0346423096128659,-0.471090956904789,9.75081334379573,13.3525001761559,7.2264154699553,2.42416636014172,20.1772080772575,14.1245161821985,1.44029244514574,1.23080657605988,0,0,1,1,1,0
2688.1064,87,0.025781908544212,-0.493306564684341,9.86976713870753,13.4871227343761,7.11643633653192,2.29329554230711,20.2484571448607,13.6676731016099,1.4333063864038,1.22611959842679,0,0,1,1,1,0
2688.2588,88,0.00428468788968194,-0.567350632821845,9.87316583754621,13.5051754906124,6.66744872134496,1.82476918392342,19.8309385432863,11.6860112592868,1.41726618696174,1.21179603132865,0,0,1,1,1,0
2688.4112,89,0.0369360680055099,-0.54662407350393,9.46585600232906,13.322324587012,7.06561004156567,1.92365192865506,19.6309750067229,12.0800425054359,1.44213886668442,1.21561772240265,0,0,1,1,1,0
2688.5636,90,0.0827800281541302,-0.48931226436228,9.07135894287412,13.2473311308328,7.84740820540108,2.2794452881228,19.6445725831229,13.5304990768962,1.4827031376385,1.22694808312232,0,0,1,1,1,0
2688.716,91,0.137507129907027,-0.474833442828252,8.45222400325458,13.292739256115,8.84106131044495,2.38704097329769,19.2289301345468,13.9618042210313,1.54251012139792,1.23000330561482,0,0,1,1,1,0
2688.8684,92,0.106947824651402,-0.846736832588671,7.99615026038552,13.2490671722325,7.50648530607017,0.502596090274162,17.702642272639,4.06118800012365,1.5073472544334,1.1710114364925,0,0,1,1,1,0
2689.0208,93,0.0827322121914722,-1.76370422239247,7.42242642927235,13.3645796450247,6.41993816473098,-1.50293278960544,16.073000375189,-20.4131718108115,1.48265682649129,1.10493299015852,0,0,1,0,0,0
2689.1732,94,0.102406472827025,-2.66516321951317,6.8215624050037,13.2992470554006,6.30470906936896,-2.3322037978269,15.0402691001391,-44.2908340877437,1.50251979836564,1.07609002252318,0,0,1,0,0,0
2689.3256,95,0.0812152363011103,-3.74013654557024,6.78476864387468,13.3151770391105,5.8389542540042,-2.86825693964357,14.6715904650707,-72.970806431209,1.48119233499816,1.05731770569006,0,0,1,0,0,0
2689.478,96,0.0746000159921659,-3.85989700399301,6.75778654861894,13.1882038967658,5.6902662640782,-2.88362353345093,14.5238350664351,-75.4338096248187,1.47491166079134,1.05578483044559,0,0,1,0,0,0
2689.6304,97,0.0390028384109167,-3.7583991858527,7.03920683947031,13.1320666358673,5.28835930439735,-2.83545375746531,14.6275117727424,-72.4469638338794,1.44381625440243,1.05707852782764,0,0,1,0,0,0
2689.7828,98,0.0584962920897932,-2.07805947537114,7.30058515145198,13.0395101063398,5.83433553289612,-1.81756440695427,15.4552846257954,-28.1147348486748,1.46030589948907,1.092677593416,0,0,1,0,0,0
2689.9352,99,0.0601543621636461,-1.51982805836127,7.56998453840028,12.9656629200564,6.08194590673064,-1.11229193547757,16.0507042597928,-13.4798307621993,1.46176688937925,1.11693590840408,0,0,1,0,0,0
2690.0876,100,0.076576862042108,-1.00916726399309,7.93107366557285,12.9921023262045,6.72173186747008,-0.0263063467055038,17.0768207990144,-0.238204063699193,1.47677075402443,1.15382344321476,0,0,1,0,0,0
2690.24,101,0.0802955055935435,-0.770993161363588,8.19846690227134,12.8932874832955,7.03412922291618,0.774368448217341,17.7135338945623,5.90530201235984,1.48030888030271,1.18042075013226,0,0,1,1,1,0
2690.3924,102,0.0677462943498164,-0.729651144949791,8.45039923693814,12.9567482535408,6.9580143582924,0.949549002822147,18.0457649420344,7.00568411103711,1.46858029480556,1.18600986135968,0,0,1,1,1,0
2690.5448,103,0.0699404761442979,-0.698851503642497,8.59114462573912,13.1112222159089,7.12460551900411,1.09783539877776,18.3840267429757,7.8968497114601,1.47058823525167,1.19040574265985,0,0,1,1,1,0
2690.6972,104,0.0578444824538489,-0.766742890581872,8.61282155814547,13.1585525646007,6.86864342377963,0.807668748505965,18.2220515272875,6.13865187069053,1.45973416740265,1.18097971597501,0,0,1,1,1,0
2690.8496,105,0.101829035211004,-1.07896424938228,7.72723526500611,13.2385016805654,7.12766870666727,-0.220686514078416,17.0281843537803,-2.09073669630371,1.50191277735851,1.1474594899744,0,0,1,0,0,0
2691.002,106,0.0561342211234657,-1.89636156208308,7.58872353881467,13.3514021864629,6.01886952122729,-1.66470200897038,16.0294212479747,-23.9353674397146,1.45824094607246,1.09938603297403,0,0,1,0,0,0
2691.1544,107,0.0440884687135718,-2.52804352561439,7.41439698459549,13.3426206413137,5.65993316893268,-2.24436504002493,15.4825727881616,-40.7762101713766,1.44799999999398,1.07940869082773,0,0,1,0,0,0
2691.3068,108,0.0545339760627159,-2.39953770564097,7.22654212503943,13.081898582894,5.70236844922313,-2.104773494583,15.2412684006051,-36.6172206562627,1.45685279182441,1.08279327772522,0,0,1,0,0,0
2691.4592,109,0.125407556564671,-1.88563923742002,6.56395123869147,12.669946736229,6.57347334363294,-1.56785398641711,14.7742406498908,-22.4420039312523,1.52799999998394,1.09981245282661,0,0,1,0,0,0
2691.6116,110,0.14030954459337,-1.5760894182039,6.53006654313435,12.5781253774361,6.90065313478863,-1.16342531094698,14.8925944119319,-14.4922498615656,1.54598969831997,1.11392881763896,0,0,1,0,0,0
2691.764,111,0.138484042909724,-1.65904885383997,6.5228055230266,12.6213682295321,6.84719430066983,-1.28422264133752,14.8522200059384,-16.6361965311307,1.54371785444597,1.1097672991228,0,0,1,0,0,0
2691.9164,112,0.12730815883044,-2.01991817863347,6.5228055230266,12.7449085540053,6.57666832871603,-1.71946904592227,14.7064237691443,-25.9975278385025,1.53022578289639,1.09472331702734,0,0,1,0,0,0
2692.0688,113,0.0996571346264946,-3.13260052595228,6.5228055230266,12.8944991926473,5.97225549362153,-2.52333606587273,14.3456992623546,-54.9976315202618,1.49964311198788,1.06660322520478,0,0,1,0,0,0
2692.2212,114,0.0940845521538697,-2.85833061168005,6.61797029582065,12.8558533285158,5.94591731331467,-2.37126006361221,14.4812381345411,-47.7808515592995,1.49391553328384,1.07185983008398,0,0,1,0,0,0
2692.3736,115,0.0982706863773856,-2.89856019775132,6.63268779463055,12.9784534222938,6.04427436561498,-2.41674647126941,14.5689731534716,-49.2807501918729,1.49820531231152,1.07103740602096,0,0,1,0,0,0
2692.526,116,0.103759695434611,-2.8120961308623,6.73548496239239,13.2365188395249,6.25408095797567,-2.41396421153436,14.8687136613893,-47.971689150378,1.50394831299721,1.07282887820274,0,0,1,0,0,0
2692.6784,117,0.125712717277602,-2.74738097338635,6.53385764722666,13.2258670489876,6.55044666302472,-2.3722325393232,14.7104932927291,-46.2212568758768,1.52835606605589,1.07423006447678,0,0,1,0,0,0
2692.8308,118,0.150091135630441,-2.68814291414919,6.28349601851132,13.1931590485053,6.8842621679785,-2.32862187201345,14.4531861433181,-44.5438759259549,1.55850681988281,1.07556083625661,0,0,1,0,0,0
2692.9832,119,0.158674521203228,-2.80080489308529,6.17178921696943,13.2114564186208,6.98365183201684,-2.40257110351827,14.3021898318786,-47.5825107268706,1.5699928212542,1.07306952473794,0,0,1,0,0,0
2693.1356,120,0.167910572919889,-3.02761731892291,5.98134287488918,13.1264388537839,7.01183979795594,-2.51495484057034,13.9713471676842,-53.2307895114294,1.58291457285893,1.06852175006672,0,0,1,0,0,0
2693.288,121,0.1748045592186,-3.01156031580755,5.85837173713063,13.0129602620109,7.05467232242543,-2.48477904408163,13.7648836527569,-52.3527089084837,1.59296482416209,1.06882498408118,0,0,1,0,0,0
2693.4404,122,0.200493023479785,-3.09337697893342,5.48107120319428,12.8440443663426,7.32313241033587,-2.4941651405286,13.1599754812614,-53.7748535858023,1.63383297639161,1.06730730233922,0,0,1,0,0,0
2693.5928,123,0.231453650130344,-2.97807738391227,5.02900075278002,12.5834151364657,7.68704215184839,-2.3855103597325,12.3859626670384,-49.7819377876443,1.69170800854793,1.0694660272856,0,0,1,0,0,0
2693.7452,124,0.231613946324395,-2.03664993104047,4.95755147862781,11.8563925493332,7.58334180319609,-1.61511295774444,12.2115790813983,-24.58185703731,1.69203664553044,1.09412538927229,0,0,1,0,0,0
2693.8976,125,0.221612879172218,-3.97129149057971,4.77244549257113,12.0019339799195,6.98078376319587,-2.65853421993523,11.6601617577446,-71.3224886100681,1.67214236826264,1.05443089601581,0,0,1,0,0,0
2694.05,126,0.241604329257539,-0.860913131287763,4.6195448169241,9.91548817789131,7.39904920157481,0.337791386951868,11.4712936877844,2.75822840483222,1.71318911378076,1.16935896064359,0,0,1,1,1,0
2694.2024,127,0.243717505871194,-0.659540490944336,4.74582617430792,9.78531923733581,7.67703247786915,0.957708393831969,11.8049341856169,6.66300996699259,1.71783937448463,1.19632992751326,0,0,1,1,1,0
2694.3548,128,0.205449479064961,-0.874662197811024,5.02344151043943,9.93655954980047,6.85281982940148,0.301995776920096,12.111009903745,2.49085307058376,1.64240727773945,1.16778667645484,0,0,1,1,1,0
2694.5072,129,0.0913989526710596,-0.821047834585421,6.20307287074704,10.0063993274276,5.52293186612535,0.451829923884653,13.5400544689512,3.5813336552923,1.49120337795733,1.17409004345356,0,0,1,1,1,0
2694.6596,130,0.0353023199940342,-2.4142643315443,6.88373549065196,12.1976650601059,5.1121030800109,-1.97313634592766,14.2534946473945,-34.5014452452639,1.44082211205871,1.08239081957311,0,0,1,0,0,0
2694.812,131,0.0516226465159743,-2.67455119971383,7.02244391296203,12.8322797127248,5.49013830677499,-2.25630942624202,14.7699221055182,-42.9766187760134,1.45434938893275,1.07587293796545,0,0,1,0,0,0
2694.9644,132,0.0516226465159743,-2.74907401089819,7.08770829044526,12.9920873205281,5.54116191954136,-2.33134345390238,14.9071891002625,-45.4482445593109,1.45434938893275,1.07419272020549,0,0,1,0,0,0
2695.1168,133,0.0822679983307433,-2.15766870528203,7.02479715775516,12.9893134461779,6.06665926816136,-1.88602911640228,15.2054263172064,-30.0746433594784,1.48220769795681,1.09001596830607,0,0,1,0,0,0
2695.2692,134,0.110620585081267,-2.02140139952772,6.8858646831881,13.1252061262282,6.54681335669213,-1.7723085673613,15.2951661264656,-26.8122078128385,1.5113221329694,1.09467000519362,0,0,1,0,0,0
2695.4216,135,0.200909433306173,-1.71594747562123,6.11098991560598,13.3211877901099,8.17895564501106,-1.43464152099421,14.6774908729802,-19.0745415412111,1.63454410665044,1.10708496380362,0,0,1,0,0,0
2695.574,136,0.252433755250967,-1.25247300043854,5.69627321374946,13.3826095556733,9.60578566121288,-0.642662794685523,14.2684097040635,-6.75749517643652,1.73771730917413,1.13371561703072,0,0,1,0,0,0
2695.7264,137,0.28484762258038,-0.163489584764328,4.76088162224392,9.02425648600921,9.47701578928948,3.79251597093577,12.2340148674535,15.0977690806095,1.82316602323597,1.32423235577233,0,0,1,1,1,0
2695.8788,138,0.170273579596682,-2.70233943850023,4.38221221903361,9.53818425204953,5.18448716145524,-1.69014221589933,10.2567743602416,-32.4744544478915,1.58631921820004,1.07523757981871,0,0,1,0,0,0
2696.0312,139,0.172090013083164,-15.6152512908953,3.83670576501725,9.39544036342057,4.5713403980138,-2.84030573319062,8.99392902063065,-274.633443800024,1.58896466208469,1.01539475558489,0,0,1,0,0,0
2696.1836,140,0.279230634346095,-3.16356471260891,3.12529702758785,8.97816033937066,6.03642884250029,-1.76738890654346,7.99595139824233,-38.8496617888144,1.80687768778822,1.06605773575768,0,0,1,0,0,0
2696.336,141,0.293990106391157,-2.02928215729996,3.14523653198592,8.99981483180568,6.58529044949248,-1.2208139502672,8.13980990929964,-18.5266976507622,1.85123415609087,1.09438775029147,0,0,1,0,0,0
2696.4884,142,0.283662790717889,-2.81083457948862,3.22015614656443,9.26361727645005,6.36906096638528,-1.68888720679555,8.26718925129251,-33.5497569906879,1.81967213120688,1.07285568646431,0,0,1,0,0,0
2696.6408,143,0.279561316526457,-2.92676163746525,3.32976076848317,9.49667562612899,6.44265789395024,-1.77989524957752,8.52126614527694,-36.5956605597532,1.80781758959997,1.07047202343198,0,0,1,0,0,0
2696.7932,144,0.306066951729064,-1.18642022601207,3.51567241293247,9.70300632307955,7.89224871259315,-0.357529834269616,9.18340710327335,-3.61767326349016,1.89161554197231,1.13863339474648,0,0,1,0,0,0
2696.9456,145,0.316096242512302,-0.872497198434625,3.63360143469826,9.90448652485854,8.66788378936662,0.306703669152913,9.56433838998737,2.52569955997196,1.92842251570733,1.16803230630296,0,0,1,1,1,0
2697.098,146,0.306799564308922,-0.967750558329093,3.73071946482398,9.98448177433961,8.41147615040624,0.0731264043853973,9.75060514238159,0.643987925191596,1.89419795221682,1.15786758281319,0,0,1,1,1,0
2697.2504,147,0.320248712299586,-1.88306935123039,3.8999823095792,12.1905207396254,9.54827952942527,-1.50577171063633,10.2978932444262,-21.5301504814032,1.9446391030721,1.09991520086279,0,0,1,0,0,0
2697.4028,148,0.325971409941608,-2.50873099791917,3.83608361534071,12.7402828019586,9.74272330460288,-2.12954227755435,10.1730744001745,-38.4433191711429,1.96801705755588,1.07989954106985,0,0,1,0,0,0
2697.5552,149,0.295135742918687,-2.91331460557893,4.36300524983233,13.0935251345909,9.19419217079744,-2.44650100888064,11.3013680911995,-50.1040657570552,1.85489635456034,1.07074048149514,0,0,1,0,0,0
2697.7076,150,0.301215760223911,-3.17076302545752,4.28122398493254,13.2455481518771,9.34144499000152,-2.61098723259117,11.1415922444857,-57.5058923600239,1.87491065049723,1.06593220349544,0,0,1,0,0,0
2697.86,151,0.275702475163118,-30.7227282017479,4.26634208816124,13.5596510636381,8.08833886407193,-4.30273976989723,10.8851663235197,-806.059646150114,1.79699248124733,1.00797518588354,0,0,1,0,0,0
2698.0124,152,0.289493059027325,-6.01387345109624,4.27252519109106,13.3926934406101,8.72400620612073,-3.43621812657132,11.0187831568626,-134.298540161091,1.83717679940422,1.03767010352599,0,0,1,0,0,0
2698.1648,153,0.279910663457867,-3.59460614538169,4.57076316250201,13.3272315048401,8.860293739109,-2.8149973840084,11.7003370236535,-69.157833526765,1.80881307745678,1.05929781777622,0,0,1,0,0,0
2698.3172,154,0.256982219094381,-2.38271811105814,5.04596904515437,13.1474675016392,8.6999030060315,-2.10209493594824,12.6853867357194,-36.3584828581296,1.74856015599732,1.08325777792095,0,0,1,0,0,0
2698.4696,155,0.19827818245515,-2.9535036761848,5.69697023624767,13.223265361287,7.54177605908706,-2.49328410763205,13.6531102803839,-51.6633949888826,1.63007840344262,1.06994415891116,0,0,1,0,0,0
2698.622,156,0.192524635475436,-1.93826511650827,6.01888782087924,13.116717089411,7.78129766120732,-1.68247469683506,14.3553440091231,-24.6139161762046,1.62053896574253,1.09775399649923,0,0,1,0,0,0
2698.7744,157,0.193124814115735,-1.22649005125747,6.41625669923889,13.0818642771894,8.31542750248673,-0.572049268114017,15.3107901631965,-5.9258242213678,1.62151993984148,1.13560772820934,0,0,1,0,0,0
2698.9268,158,0.174897946582802,-0.974113028789928,6.88652137573716,13.0510852077241,8.29581535849727,0.0763969158479637,16.1819196469043,0.675706134065106,1.59310344830807,1.15723248154872,0,0,1,1,1,0
2699.0792,159,0.16438944536386,-0.712379822324972,7.28619216453808,12.8442137840727,8.42639892784767,1.01570343513487,16.967930506562,7.38851010134208,1.57791699292543,1.18844941435801,0,0,1,1,1,0
2699.2316,160,0.138609628640706,-0.567305491938544,7.84858579817141,12.7394281729201,8.24267981776233,1.72155665143069,17.8729507220213,11.0245612125319,1.54387351781818,1.21180420624307,0,0,1,1,1,0
2699.384,161,0.0778611897426707,-0.669565195183772,8.63157861149979,13.2084635547405,7.3464331048494,1.24391984719505,18.6072871830971,8.7290721532659,1.47798664366175,1.19478420720973,0,0,1,1,1,0
2700.146,166,0.00423923240507948,-0.640326201965324,8.17784583791123,11.4188049954547,5.52182568945659,1.20054681273193,16.4250272539821,8.21408992346507,1.41723356009386,1.1993627583925,0,0,1,1,1,0
2700.2984,167,0.0923130258585686,-0.302314972907604,7.08093954935108,9.71245495475748,6.32397157268512,2.81528436547659,15.4692050101466,13.5524687964873,1.4921230307428,1.27404734833955,0,0,1,1,1,0
2700.4508,168,0.119133330493404,-0.488531436650875,6.37753733047797,9.79541166418127,6.24655569734334,1.68938991907227,14.2746291860077,10.0200902625841,1.52078774625896,1.22711075645829,0,0,1,1,1,0
2700.6032,169,0.129624607629355,-0.671218219100851,6.01395131739401,9.90441993376725,6.11407375431572,0.926782265818056,13.5870147944265,6.51278564919405,1.53296500124993,1.19453167701358,0,0,1,1,1,0
2700.7556,170,0.121935186366427,-0.651903969814555,6.15555930384824,9.96917712866538,6.08902523739056,1.00420147096771,13.8122771495051,6.94046196540791,1.52398312213605,1.19752409627037,0,0,1,1,1,0
2700.908,171,0.113967807785961,-0.676647749598271,6.14790158101221,9.90278893928901,5.91363845193406,0.907121974231655,13.697128893368,6.4041781775449,1.51500124293997,1.19370683590808,0,0,1,1,1,0
2701.0604,172,0.086099669863265,-0.695954836363505,6.63760146012268,10.3351011327644,5.80582347135085,0.875823907828567,14.4181935090463,6.28467503022216,1.48594087958699,1.19082995769917,0,0,1,1,1,0
2701.2128,173,0.0917318494389447,-1.42875381280843,6.95835172061258,12.293293861868,6.20234044916433,-0.910915739176278,15.1933083859821,-10.5415932305007,1.49153789559578,1.12215629193625,0,0,1,0,0,0
2701.3652,174,0.040842729642116,-1.36673752849865,7.66183381303601,12.6239203795492,5.78942084760982,-0.826694574407761,15.9495280400493,-9.2593307199191,1.44532055396704,1.12598711135243,0,0,1,0,0,0
2701.5176,175,0.0116752893679199,-1.15117662440297,8.20256011673566,12.7425937157457,5.66448731003535,-0.388890821978023,16.5966547593126,-3.85276460816981,1.42264150950274,1.14140893827821,0,0,1,0,0,0
2705.3276,200,0.0666788551548146,-0.35289351941163,7.2768656682845,9.88090625912178,5.97099774805149,2.49894362693512,15.5241574803222,12.7879969487278,1.4676098287056,1.25946006367206,0,0,1,1,1,0
2705.48,201,0.142880426441243,-0.343059383563149,6.34838821784538,9.56432194978888,6.77219356467817,2.48428192208684,14.5108972672514,12.5663831149896,1.54922279792173,1.26217195022134,0,0,1,1,1,0
2705.6324,202,0.169189431152622,-0.323884483332088,6.0669246211137,9.48216410362262,7.14747836032041,2.59382571697518,14.1867682932115,12.8220765641015,1.58475203549376,1.26762817705315,0,0,1,1,1,0
2705.7848,203,0.168922943748887,-0.387096232359495,5.93173628369425,9.52265795325795,6.98099582092345,2.19310026150519,13.8674852765559,11.6729458750072,1.58436815192903,1.25045460049644,0,0,1,1,1,0
2705.9372,204,0.184837623279075,-0.441395797860149,5.69838118353153,9.62609760603647,7.14092894830978,1.90397371830318,13.5033128360674,10.7543571458807,1.60825488776406,1.23738685498069,0,0,1,1,1,0
2706.0896,205,0.171880030603127,-0.51957192642335,5.67420849927407,9.60865261055494,6.75514268150199,1.50921719979416,13.2989832595556,9.23253292671232,1.58865757362718,1.22082017114949,0,0,1,1,1,0
2706.242,206,0.161513273692434,-0.494349279390628,5.81105907902626,9.57848194475261,6.64686060034436,1.62363011270922,13.4992445089998,9.68673259541604,1.57390050474358,1.22590432593846,0,0,1,1,1,0
2706.3944,207,0.16608397874985,-0.360621183905663,6.18545137884817,9.77082560134481,7.20016939908737,2.41967043575852,14.425511508422,12.4945178105042,1.58031088079726,1.25736856414303,0,0,1,1,1,0
2706.5468,208,0.144047134252889,-0.356261819853819,6.48476036162262,9.84496851930891,6.94742873934501,2.46715119576327,14.8377430160622,12.6751642364327,1.55070318279219,1.25854421658471,0,0,1,1,1,0
2706.6992,209,0.11677983540904,-0.355140963217583,6.76343951702376,9.83651980363012,6.57000298047378,2.47256259833196,15.1065457412416,12.6863373717202,1.5181347150462,1.25884825247466,0,0,1,1,1,0
2706.8516,210,0.111435813256149,-0.355264937784781,6.78579538324091,9.79271827425746,6.46995294270732,2.46072242135192,15.0839520207244,12.627417651619,1.51221317539411,1.25881458840194,0,0,1,1,1,0
2707.004,211,0.0605359666021313,-0.380615828413651,7.22779656432718,9.85544821356641,5.81415666449051,2.31062113217154,15.3306764315046,12.208617254744,1.46210448867438,1.2521120076715,0,0,1,1,1,0
2707.1564,212,0.00886606756649913,-1.03153344132429,8.05184000176787,12.2498296470781,5.51324708178121,-0.0840724452991492,16.2464563185164,-0.772558568817323,1.42058165548137,1.15172487215166,0,0,1,0,0,0
2707.3088,213,0.026310124024001,-0.957056638614536,8.53330676003239,13.0592113074915,6.162836040619,0.128296644006919,17.5156382384474,1.12161286117348,1.43371647505581,1.15894674570924,0,0,1,1,1,0
2707.4612,214,0.0335337964739373,-0.767715818834119,8.83259505202852,13.1239409945933,6.52336327036099,0.801568680274639,18.2575709936799,6.09696777519689,1.43940578581077,1.18085145587218,0,0,1,1,1,0
2707.6136,215,0.0188657385836003,-0.712663592072851,9.06800340201199,13.0930885594331,6.40090076345207,1.03412055355732,18.4781559673391,7.5242420706791,1.42800944142183,1.18840881176386,0,0,1,1,1,0
2707.766,216,0.0173648811783225,-0.654453353886259,9.12284882040792,12.9606177534256,6.41013306894707,1.29310782492348,18.5625320123642,8.95699599251686,1.42687747036364,1.19712380977249,0,0,1,1,1,0
2707.9184,217,0.00882728135886546,-0.642981772935111,9.13477845582478,12.8238869706822,6.25402115227435,1.33520979913107,18.4308274308105,9.15672278070701,1.42055335972727,1.19893798640736,0,0,1,1,1,0
2708.0708,218,0.0215160290790018,-0.194713787205738,8.72211995307508,10.3717112992266,6.20695493899632,4.00749981079433,17.819570679232,16.7043922246992,1.43002345587295,1.31138127701023,0,0,1,1,1,0
2708.2232,219,0.0219822303128005,-0.267382829279065,7.83431137404541,9.70527378479877,5.58314461562876,3.08852806795761,16.0130540220237,14.2205004425827,1.43037974677474,1.28513239377916,0,0,1,1,1,0
2708.528,221,0.0820515007232493,-0.350207011824445,6.99863238080553,9.67905708299004,6.03972394028262,2.46582433736994,15.1457613413219,12.5787668493557,1.48199853047254,1.26019525003913,0,0,1,1,1,0
2708.6804,222,0.120199163667628,-0.281334505256419,6.77345356116937,9.56782215016591,6.65929463420434,2.93346984887563,15.1752340287269,13.7521272783352,1.52199850860779,1.28059782163689,0,0,1,1,1,0
2708.8328,223,0.102492148337925,-0.290871126039867,6.9151726158446,9.56573629232025,6.39310098445659,2.85901608248906,15.2478470267402,13.5666796111453,1.50260999253361,1.2775814084886,0,0,1,1,1,0
2708.9852,224,0.0924511857274462,-0.344702518875262,6.99815759258394,9.78930024453546,6.25294876113749,2.53142522520214,15.2902911198517,12.8298075844357,1.49226234338983,1.26171484992249,0,0,1,1,1,0
2709.1376,225,0.031077732084045,-0.398500736593023,7.45418639808361,9.89564408619784,5.46348235215061,2.20820543466498,15.3716912117356,11.9044452575712,1.43745427943444,1.24759070654665,0,0,1,1,1,0
2709.29,226,0.02776145733428,-0.325453053789921,7.78847789272506,9.98601062801498,5.65017935233717,2.72013570528394,16.0093947788859,13.4720659478978,1.4348473565996,1.26717321895912,0,0,1,1,1,0
2709.4424,227,0.0223082491015993,-0.478950896223267,8.16717922180539,11.0645421764122,5.82619417552572,1.96304356938334,16.6987493806857,11.5303395694389,1.43062926462803,1.22912605032807,0,0,1,1,1,0
2709.5948,228,0.00408183258929989,-0.732485325611488,8.81825536960367,12.5982000447228,5.9514187310258,0.911492497533597,17.7085000235042,6.74040676569074,1.41712062265599,1.18561559678613,0,0,1,1,1,0
2710.3568,233,0.0663906818757148,-0.685560711142135,8.5022951858206,12.8760350117244,6.96999809255101,1.13834499134595,18.1335367214317,8.09746258479118,1.46734854442749,1.19236796805159,0,0,1,1,1,0
2710.5092,234,0.0498056362009499,-0.336906877204041,8.22282030605716,10.8644857703537,6.39158238967469,2.86936177061259,17.2647262055329,14.4083315940722,1.45280122786617,1.26389795267153,0,0,1,1,1,0
2710.6616,235,0.0743512386562153,-0.242843797815138,7.62610650261514,9.91239657183514,6.41617981090238,3.36779305194238,16.3862339344176,15.0104650857619,1.47467876037774,1.29347942185827,0,0,1,1,1,0
2710.814,236,0.119159639229924,-0.232733657021161,7.07830536990067,9.73106604661867,6.93357331150435,3.39655907588035,15.8435073682745,14.9326389177493,1.52081756238408,1.29706445036975,0,0,1,1,1,0
2710.9664,237,0.114083287888284,-0.365804050155326,6.7401289237887,9.80841265136618,6.48591155944523,2.39486658934191,15.0181299844109,12.4409111558034,1.5151291512431,1.25598482315814,0,0,1,1,1,0
2711.1188,238,0.116543787694858,-0.434428022453387,6.54763594728742,9.82699801575131,6.35511261905933,1.98262986110749,14.6214444820626,11.1157494022302,1.51787016782341,1.23898615512529,0,0,1,1,1,0
2711.2712,239,0.105876538674321,-0.43581290678491,6.65199905298207,9.8357743996977,6.22164576148547,1.97661196586463,14.7125793759534,11.0984339361697,1.50619985416507,1.23866655408091,0,0,1,1,1,0
2711.4236,240,0.0829411196577497,-0.436189293451919,6.90183018687837,9.89272878288399,5.97379735616876,1.9859325614946,14.9485514205314,11.1552528095327,1.48285922693227,1.2385798414568,0,0,1,1,1,0
2711.576,241,0.0749114516089405,-0.648585482820053,7.30000254606391,11.0682449685353,6.15311512800373,1.12879189804183,15.693712667077,7.77908392329443,1.47520355295161,1.1980476018958,0,0,1,1,1,0
2711.7284,242,0.0670255006772669,-0.963236387186777,7.74948178931933,12.4457769818048,6.36595973448181,0.104232811167872,16.5377893724756,0.915103452237589,1.46792452833464,1.1583213230576,0,0,1,1,1,0
2711.8808,243,0.051607159443905,-0.850433966797628,8.30067750159423,12.8127661374833,6.48914010170613,0.473021920520715,17.4581037778229,3.83270921106612,1.45433614734041,1.17057735776999,0,0,1,1,1,0
2712.0332,244,0.0433517721461316,-0.685578268571696,8.74610801454896,12.8874394563289,6.66104800132303,1.13927274561639,18.2505345927223,8.10418205507278,1.447388932211,1.19236534904199,0,0,1,1,1,0
2712.1856,245,0.082547059968194,-0.367584733975514,9.14763741093639,12.7538960206492,7.90727691294557,3.09893209999518,19.8054959697285,16.131517089495,1.48247758763383,1.25551287693217,0,0,1,1,1,0
2712.4904,247,0.00317157849033456,-0.724449571147586,9.39691902096497,13.387203620815,6.32459931778405,1.00421985131732,18.8534441744145,7.37769939770034,1.41646872520059,1.18673785968835,0,0,1,1,1,0
2715.2336,265,0.0104728857880648,-0.310603718464664,10.5594860424197,13.2017323423869,7.26556577014111,3.74257070351819,21.3401486674452,18.2024503733326,1.42175732210591,1.2715440268195,0,0,1,1,1,0
2715.386,266,0.0475527266301187,-0.218633615916671,10.5890955296463,13.1451700452577,8.17232308788048,4.76422373373197,22.1852717892555,20.542387972847,1.45089666941671,1.30221535703894,0,0,1,1,1,0
2715.5384,267,0.0298528117291908,-0.216189702175311,10.7657877565797,13.0820664310511,7.8607842169397,4.77241265097783,22.1743535831865,20.507716770969,1.43648763852941,1.30312664479652,0,0,1,1,1,0
2715.9956,270,0.00317157849033456,-0.670296791829463,9.25337814051059,13.0081835863049,6.2279890828155,1.22158182175639,18.5654519111679,8.57767972175213,1.41646872520059,1.19467236078173,0,0,1,1,1,0
2716.148,271,0.0485819537436506,-0.820411037993709,8.53472880163308,13.0473369879461,6.60833321109372,0.59152229600964,17.8987252029772,4.68631541322307,1.45176470585604,1.17416777499285,0,0,1,1,1,0
2716.3004,272,0.0395606762362241,-0.902395747732489,8.51009205249872,13.0858369119529,6.40457681199766,0.303583666058811,17.6935140978562,2.5544666541715,1.44427123927643,1.16470285526703,0,0,1,1,1,0
2716.4528,273,0.0525959448222096,-0.872653392449178,8.3829419837072,13.0117367978125,6.57411023705303,0.402383818245891,17.6477014754601,3.31400107909125,1.45518316450259,1.16801456111983,0,0,1,1,1,0
2716.6052,274,0.0525959448222096,-0.843771732269092,8.39213718219394,12.9516841934801,6.58132133890974,0.501925323861476,17.667059132738,4.04683837149037,1.45518316450259,1.17136117638752,0,0,1,1,1,0
2716.7576,275,0.0579877446703246,-0.803204444537597,8.35063808951691,12.8620290877397,6.66261523472662,0.647427237096183,17.6697455177722,5.06238031739065,1.45985970385962,1.17629488449273,0,0,1,1,1,0
2716.91,276,0.083336117714199,-0.77535042576431,8.06877341421209,12.7519683618922,6.99300166304651,0.748741732806307,17.4823873305361,5.72944852633218,1.48324240064478,1.1798513086413,0,0,1,1,1,0
2717.0624,277,0.10916837619285,-0.770487026767116,7.76806569322804,12.7056329306589,7.34851215227202,0.765089169030846,17.2321856222343,5.83221518144234,1.50974279036449,1.18048713109366,0,0,1,1,1,0
2717.2148,278,0.10916837619285,-0.749053076266463,7.75667557041106,12.6258161319571,7.33773721044713,0.845549795052368,17.2069184941752,6.33681943587982,1.50974279036449,1.18334409421558,0,0,1,1,1,0
2717.3672,279,0.100371507386734,-0.77115150217239,7.75667557041106,12.5321039098355,7.11929950565603,0.752061719756737,17.0704495794461,5.73590630877076,1.50038729661695,1.18039999338382,0,0,1,1,1,0
2717.5196,280,0.0928266608853275,-0.81596298484503,7.84314397620084,12.6630351934183,7.01682880399374,0.590307181037083,17.1423936847089,4.66093439959809,1.49264136320907,1.17471268682339,0,0,1,1,1,0
2717.672,281,0.0564225712364293,-1.02674906034313,7.96505389037577,12.7633448649592,6.3231822039593,-0.074539095485289,16.828925421815,-0.682814963945951,1.45849200308708,1.15216892959869,0,0,1,0,0,0
2717.8244,282,0.0242324589309436,-1.32863035665158,7.95949920512748,12.8192516183219,5.71173716783908,-0.767932716420159,16.3047548854532,-8.42559046267085,1.43210802698526,1.12846297609037,0,0,1,0,0,0
2717.9768,283,0.0349043594183662,-1.6486088787647,7.56301374626988,12.7309997699356,5.60959597225174,-1.28105205930251,15.6539917927115,-16.5148789726631,1.44050258688501,1.11027415973731,0,0,1,0,0,0
2718.1292,284,0.0705016290904913,-0.512513705942133,6.94799300658758,10.0657948927407,5.77249984030667,1.61543065876918,14.8756756649227,9.81387409801753,1.4711046086217,1.22221948756265,0,0,1,1,1,0
2718.2816,285,0.0975434424335307,-0.536464815816218,6.55221925019383,9.91123246770224,5.95620830475123,1.47752401474002,14.382690542874,9.18840993480929,1.49745454546361,1.21754221409175,0,0,1,1,1,0
2718.434,286,0.118258606985892,-0.524969327010331,6.21181785050069,9.64362797342217,6.06555371731659,1.48980688675462,13.892837552702,9.16203817255346,1.5197984160612,1.21976205711696,0,0,1,1,1,0
2718.5864,287,0.145778804410789,-0.474641776366799,5.94969754549563,9.48307481824699,6.41504745732334,1.70387776032153,13.6340746805676,9.96402268218996,1.55291576667196,1.23004430687209,0,0,1,1,1,0
2718.7388,288,0.167326136521318,-0.513307568655166,5.68316823914393,9.52490924039309,6.64726183017948,1.52494049518061,13.2682216476011,9.27140247309158,1.5820788530099,1.22206120898711,0,0,1,1,1,0
2718.8912,289,0.21080929598408,-0.577060743427021,5.13860101194952,9.5771062660785,7.17158353434853,1.25357652884323,12.4437317472434,8.10106840859133,1.65195729544917,1.21005221819204,0,0,1,1,1,0
2719.0436,290,0.225565009376126,-0.652642320839979,4.89176777172664,9.62779881305742,7.28184526979488,0.967137214687177,11.990358830044,6.68857970224645,1.67985865722389,1.1974079971721,0,0,1,1,1,0
2719.196,291,0.237336719797612,-0.702038420953853,4.64168530808719,9.51827299428864,7.28858086421015,0.786463949274886,11.4866553468828,5.67215930234109,1.70398880325492,1.18994120942071,0,0,1,1,1,0
2719.3484,292,0.222145086203897,-0.742231216541835,4.76110269522252,9.50352485203388,6.98057148409028,0.657341941675132,11.6375165277567,4.89942407934642,1.67317073168386,1.18427258600217,0,0,1,1,1,0
2719.5008,293,0.192879146942647,-0.865961935993811,4.97035719202672,9.56208676238846,6.4350731296841,0.312767035868456,11.8580708944502,2.56336719497953,1.62111801246032,1.16877817002109,0,0,1,1,1,0
2719.6532,294,0.202156053965611,-0.664573861776296,5.05411874222169,9.47193230698315,6.79980184737564,0.909383761027032,12.1516788868457,6.35426735049541,1.63668306400915,1.1955507499024,0,0,1,1,1,0
2719.8056,295,0.218497431699948,-0.497840519134772,5.08505326124441,9.40457371054527,7.33696602521385,1.57760542614604,12.3922486777675,9.44519170449237,1.66618808333811,1.22518654790098,0,0,1,1,1,0
2719.958,296,0.211594148295598,-0.571532585577926,5.05848248367697,9.42861741438364,7.08356845080067,1.25672187652512,12.2576555529576,8.0797106502318,1.65338078296522,1.21104143906133,0,0,1,1,1,0
2720.1104,297,0.212511168783204,-0.772838958286826,4.84697548773218,9.53231579939286,6.81419157377262,0.567071158225051,11.7540238273874,4.33074157385806,1.65505226474721,1.18017908450919,0,0,1,1,1,0
2720.2628,298,0.210207980072443,-0.766750707117852,4.88488446790989,9.54545198825011,6.79996429424834,0.585874267128051,11.823452329593,4.45293985299967,1.65087108008185,1.18097868479981,0,0,1,1,1,0
2720.4152,299,0.200377350021901,-0.754784053353916,5.01218409674152,9.56495150481245,6.69343284996231,0.623076305867728,12.033024527737,4.69095727575295,1.63363572925739,1.18257132541873,0,0,1,1,1,0
2720.5676,300,0.180326415516309,-0.582590403728764,5.46609697028696,9.58753948687895,6.72746509456275,1.23220840577342,12.9035572876067,8.00386197290536,1.60127931767161,1.20907203802535,0,0,1,1,1,0
2720.72,301,0.1822166300821,-0.483725403894208,5.64553981961877,9.63236514855002,7.0008394526417,1.68507234740003,13.348502121088,9.94589085322234,1.60418168712697,1.22811722576201,0,0,1,1,1,0
2720.8724,302,0.168663022226044,-0.536324512567386,5.83905333778924,9.88240037728442,6.86500066742246,1.4738712814289,13.6477714413597,9.16445362388322,1.58399423217707,1.217569034698,0,0,1,1,1,0
2721.0248,303,0.161513273692434,-0.475394759905695,5.96575162419276,9.76994005186807,6.82380249159881,1.75155125469841,13.8585993981042,10.2507234932344,1.57390050474358,1.22988331360389,0,0,1,1,1,0
2721.1772,304,0.149733700133584,-0.485967026888133,6.13359429501686,9.87927049481439,6.71108436316165,1.71684943009829,14.104000127856,10.1565415692516,1.55803893299131,1.22764667152468,0,0,1,1,1,0
2721.3296,305,0.139565440634973,-0.518980642408705,6.2463701156156,10.0030589521073,6.58293100945571,1.57401256080014,14.2362950263412,9.62332998218099,1.54506128339843,1.22093671246579,0,0,1,1,1,0
2721.482,306,0.126434051900192,-0.817679188710906,6.39324702316864,10.8378304358847,6.42597037706321,0.499859160108422,14.4031422982134,3.95192407536828,1.52919971164616,1.17450203617231,0,0,1,1,1,0
2721.6344,307,0.0564818145397935,-0.567725050679213,6.96762188871413,10.0951540922862,5.53240435028817,1.36236141219208,14.7223316320318,8.72776444725712,1.45854361936299,1.21172824960028,0,0,1,1,1,0
2721.7868,308,0.0975648073856106,-0.534501491585325,6.49362881305519,9.81683151187551,5.90337573869837,1.47243880693794,14.2543569148691,9.13944085227247,1.49747656814163,1.2179181339624,0,0,1,1,1,0
2721.9392,309,0.153014840656716,-0.552701140108444,5.91766389790588,9.79337573482685,6.55470328972925,1.38708750716796,13.6463085926079,8.76113160135537,1.56236481618894,1.21448285809238,0,0,1,1,1,0
2722.0916,310,0.13130253228719,-0.563538075105857,6.15908009661328,9.87094730649014,6.29945824606319,1.35030196622737,13.9355658197165,8.61658532383868,1.53496755588203,1.21248872727444,0,0,1,1,1,0
2722.244,311,0.115649164917514,-0.643141038529091,6.33167496500555,10.1353872594892,6.12628467055069,1.05466827790581,14.1278557744751,7.23380754305362,1.51687006460194,1.19891256903001,0,0,1,1,1,0
2722.3964,312,0.125618873720387,-0.564731676285768,6.55722961282075,10.4209549872358,6.57168225408589,1.42004842153245,14.7618828230185,9.07182321759122,1.52824651502395,1.21227137346839,0,0,1,1,1,0
2722.5488,313,0.122123684249338,-0.390982093729856,6.80774596843692,10.1305829819,6.73865377737039,2.3082044260863,15.278265975072,12.3394128738654,1.52419955318227,1.24947129048231,0,0,1,1,1,0
2722.7012,314,0.113046717467309,-0.328331576036757,7.1873492931307,10.2732695217293,6.89131901199146,2.77675870719327,15.9997110760202,13.8004614972191,1.51398337110744,1.26634237509425,0,0,1,1,1,0
2722.8536,315,0.0715971913255462,-1.05440627526483,7.74532048800657,12.6999419812184,6.45799040280583,-0.14817158814326,16.5997273617281,-1.38191307855503,1.4721161191185,1.14963743234496,0,0,1,0,0,0
2723.006,316,0.0788161367129196,-0.982495683186191,7.74532048800657,12.6676243967323,6.61292882183962,0.0498569435386557,16.7115534529493,0.443476221437488,1.47889485795737,1.15640352396474,0,0,1,1,1,0
2723.1584,317,0.0788161367129196,-0.702038437678596,7.73381180924929,11.9458536401499,6.60310275026864,0.987046975734513,16.6867219562381,7.11881042776378,1.47889485795737,1.18994120698885,0,0,1,1,1,0
2723.3108,318,0.0739355219525841,-1.4401738541428,8.01091632937881,13.8442034291014,6.73075559591122,-1.0469605370523,17.2064152190198,-12.1877127618491,1.47429009971117,1.12147619860812,0,0,1,0,0,0
2723.4632,319,0.0693421196544332,-0.558985630099526,8.47624925293907,12.4425482792823,7.01563101208788,1.72723231029686,18.1280206857143,10.9746851786879,1.47003891061156,1.21332186100104,0,0,1,1,1,0
2723.6156,320,0.101172542779206,-0.451357760541918,9.16772790607521,13.5432339908873,8.43744169486965,2.60343358178689,20.1905004996814,14.8607804525304,1.50122448981837,1.23513749887382,0,0,1,1,1,0
2723.768,321,0.0841185657410553,-0.459544851177601,9.4873788158549,13.7361112103687,8.24389090031091,2.57891437429251,20.5708870289734,14.8475040568817,1.48400328141509,1.23332087653762,0,0,1,1,1,0
2723.9204,322,0.0623019512285902,-0.490209949795831,9.65745729131902,13.7477309781975,7.81294757369204,2.35924932452077,20.5182714489499,14.0169129311374,1.46367346941006,1.2267613547248,0,0,1,1,1,0
2724.53,326,0.0307034752810455,-0.162651072589699,8.60563327912272,10.1304248981365,6.30010782848354,4.26705233646521,17.739712255572,16.9654008453303,1.43715846990169,1.32459235961948,0,0,1,1,1,0
2724.6824,327,0.0756415927620254,-0.145154057198613,8.33390101910646,10.2271691670564,7.04144610877292,4.51708857817305,17.9285811322255,17.4853081376031,1.47588932809091,1.33229452032483,0,0,1,1,1,0
2724.8348,328,0.0233175890839162,-0.76607765494917,9.17203744399611,13.4722646843671,6.56335471251516,0.829718392020524,18.771814488355,6.30292749622525,1.43140364794615,1.18106751872342,0,0,1,1,1,0
