DEPTH,ROW_ID,NU_PRED,VPVS_PRED,G_PRED_GPa,K_PRED_GPa,E_PRED_GPa,NU_VALID,VPVS_VALID,G_VALID,K_VALID,E_VALID,ALL_GATES_VALID
2675.3048,3,0.0542068623885408,1.45657009742077,8.08726729017254,6.37489450895719,17.0513053505405,1,1,1,1,1,1
2675.4572,4,0.0525977370327627,1.45518470270347,8.08527327837708,6.34070727885016,17.0210807122224,1,1,1,1,1,1
2675.6096,5,0.054749604201114,1.45703933659017,8.01434665639401,6.3283709148236,16.9062579275242,1,1,1,1,1,1
2675.762,6,0.0582383706054923,1.46007948979894,7.83324320069547,6.25483516425083,16.5788770425211,1,1,1,1,1,1
2675.9144,7,0.0706451795378332,1.47123689149305,7.85589948679833,6.52986024272475,16.8217618329488,1,1,1,1,1,1
2676.0668,8,0.0816239253684295,1.48158598127977,7.90136171010883,6.80910659639556,17.0926037372874,1,1,1,1,1,1
2676.2192,9,0.0888076799485123,1.48861547018593,7.96060599157463,7.02637064458895,17.3351378813412,1,1,1,1,1,1
2676.3716,10,0.0824282010019609,1.48236259712915,8.22804180227322,7.10956735039264,17.8125289716071,1,1,1,1,1,1
2676.524,11,0.0755346689333662,1.4757887738302,8.42508722547633,7.11599019329168,18.1229467995748,1,1,1,1,1,1
2676.6764,12,0.0720197846260345,1.4725074884767,8.6071471947249,7.18649425875217,18.4540641638671,1,1,1,1,1,1
2676.8288,13,0.0583560845231142,1.46018279346067,8.90552849409147,7.1137402307757,18.8504405352313,1,1,1,1,1,1
2676.9812,14,0.0526639201294283,1.45524151317452,9.279373550848,7.27868983964449,19.536123476762,1,1,1,1,1,1
2677.5908,18,0.0558799495837187,1.45801979484085,10.0831371936205,7.99076914876694,21.2931647832914,1,1,1,1,1,1
2677.7432,19,0.0563513395428567,1.45842995764969,10.2359341685123,8.12410339842552,21.6254855407608,1,1,1,1,1,1
2677.8956,20,0.0505646498930096,1.45344661408085,10.3166941675545,8.03849704123926,21.6767083923802,1,1,1,1,1,1
2678.048,21,0.0419817604188306,1.44625709404188,10.2582350310542,7.7790888897222,21.377787592896,1,1,1,1,1,1
2678.5052,24,0.0740830120732616,1.47442791563544,8.32191921301748,6.99544144979855,17.8768641090963,1,1,1,1,1,1
2678.6576,25,0.0829053581186426,1.48282456686683,8.0151017831935,6.93655251938035,17.359193333773,1,1,1,1,1,1
2678.81,26,0.0950437192395694,1.49489169697053,7.59113052414829,6.84240101736979,16.6252396047927,1,1,1,1,1,1
2678.9624,27,0.099922382526546,1.49991916197258,7.2487310359878,6.64291224433623,15.9460830227956,1,1,1,1,1,1
2679.1148,28,0.103164433014955,1.50331889781798,7.08741502282661,6.56744239148373,15.6371683503964,1,1,1,1,1,1
2679.2672,29,0.110110419408684,1.51076615258122,6.90656754931423,6.55489227421398,15.3341051976873,1,1,1,1,1,1
2679.4196,30,0.103742142253195,1.50392972942985,6.99272379784386,6.49254333924882,15.4363278896342,1,1,1,1,1,1
2679.572,31,0.0924004636398334,1.49221118862679,7.45555177616024,6.66049843080257,16.2888964339365,1,1,1,1,1,1
2679.7244,32,0.0650183398353325,1.46610836904762,8.26081514803249,6.74198511519894,17.5958392692883,1,1,1,1,1,1
2679.8768,33,0.0850313886772158,1.48489407398282,9.58734486989749,8.35611002380178,20.8051402358245,1,1,1,1,1,1
2680.7912,39,0.0757141469724416,1.47595758512791,7.60398610858255,6.42626142416057,16.3594308607684,1,1,1,1,1,1
2680.9436,40,0.0682173704936516,1.46900989652839,7.67886861802766,6.33243078266316,16.4054016870315,1,1,1,1,1,1
2681.096,41,0.0500493599585215,1.4530082590687,8.12985316217323,6.32421007239802,17.0734942189935,1,1,1,1,1,1
2681.2484,42,0.0519220408919613,1.45460553010964,8.59758901530069,6.72799096666775,18.0879867674508,1,1,1,1,1,1
2681.4008,43,0.0820896692908015,1.48203539314511,9.24538319114443,7.97964930482794,20.0086672795444,1,1,1,1,1,1
2681.5532,44,0.0822628350981733,1.48220270735981,8.90988508536404,7.69450131412272,19.28567498577,1,1,1,1,1,1
2681.858,46,0.086830502659294,1.48665971166265,8.59053214820604,7.53238274109299,18.6729047454912,1,1,1,1,1,1
2682.62,51,0.080978590419265,1.48096470274846,6.98802070950705,6.00916055334886,15.1078015527671,1,1,1,1,1,1
2682.7724,52,0.0850403876843378,1.4849028726475,6.91787918709005,6.02964569107961,15.0123566302272,1,1,1,1,1,1
2682.9248,53,0.089145195612268,1.48895095210168,6.86257509772538,6.06405686988332,14.948681394432,1,1,1,1,1,1
2683.0772,54,0.0905463324658503,1.49034874629714,6.8471789035807,6.07896687147937,14.9343316820749,1,1,1,1,1,1
2683.2296,55,0.0904399850019329,1.49024236325028,6.87598428804623,6.10236019904274,14.9956964078613,1,1,1,1,1,1
2683.382,56,0.103238758189878,1.50339739854203,7.52924203445733,6.97863161088116,16.6131032644115,1,1,1,1,1,1
2683.5344,57,0.0800363401868495,1.48006054080709,8.05289848950429,6.90331398068273,17.3948460250009,1,1,1,1,1,1
2683.6868,58,0.0769110889360171,1.47708655659128,8.25714129323441,7.00578277919057,17.7844140431912,1,1,1,1,1,1
2683.8392,59,0.0528177421918991,1.45537360786492,8.6241227940498,6.76803050648873,18.1592589768344,1,1,1,1,1,1
2685.9728,73,0.0541257896309104,1.45650008932431,9.44632445614495,7.44426267534123,19.9152284528872,1,1,1,1,1,1
2686.1252,74,0.0600453914179896,1.46167057792118,9.61769780290001,7.72443037921159,20.3903924640302,1,1,1,1,1,1
2686.2776,75,0.0629465702595783,1.46424891520937,9.6914498189311,7.85677649831355,20.6029866917513,1,1,1,1,1,1
2686.43,76,0.0686459895253868,1.46940148495764,9.82201824173407,8.11109525524476,20.9925208061486,1,1,1,1,1,1
2686.5824,77,0.068657370238347,1.46941189161473,9.98029792524802,8.24210901735992,21.3310378699816,1,1,1,1,1,1
2686.7348,78,0.0698980112519347,1.47054920649722,9.99900441449614,8.29099083274649,21.3958298751375,1,1,1,1,1,1
2687.8016,85,0.0674093444450723,1.46827350766224,9.39252087668972,7.72528981146014,20.0513291033481,1,1,1,1,1,1
2687.954,86,0.0691101158000066,1.46982627348618,9.36289592326198,7.74363869733363,20.019933489484,1,1,1,1,1,1
2688.1064,87,0.0630593166270523,1.46434971408592,9.45573657369885,7.66847708987683,20.1040177204835,1,1,1,1,1,1
2688.2588,88,0.0546366857106119,1.45694162870728,9.34275539729005,7.37466264168651,19.7064251752058,1,1,1,1,1,1
2688.4112,89,0.0531412744963773,1.45565169882258,9.29092840687783,7.29884683550065,19.5693203673478,1,1,1,1,1,1
2688.5636,90,0.0612678521005433,1.46275340033918,9.32048543858827,7.51523954444887,19.7830631238899,1,1,1,1,1,1
2688.716,91,0.0794643544815247,1.47951338443404,9.18732852565805,7.86092194724032,19.8347873127183,1,1,1,1,1,1
2688.8684,92,0.0699266590866355,1.47057553549867,8.40103707914528,6.96663621439049,17.9769870699057,1,1,1,1,1,1
2689.0208,93,0.0543412095413843,1.45668615778461,7.68944859428284,6.06390861138366,16.2146050632049,1,1,1,1,1,1
2689.1732,94,0.0558141575864391,1.45796260839793,7.2448849154404,5.74027905545336,15.2985041276128,1,1,1,1,1,1
2689.3256,95,0.054655555965033,1.45695795406476,7.01235537724587,5.53550527617596,14.7912391180273,1,1,1,1,1,1
2689.478,96,0.0521398372521638,1.45479204844626,6.94599795606447,5.43931772081749,14.6163223180951,1,1,1,1,1,1
2689.6304,97,0.0492736972079702,1.45235004757186,6.95672720474219,5.3983321507015,14.5990217491742,1,1,1,1,1,1
2689.7828,98,0.0544551326939585,1.45678462176998,7.33592113296463,5.78722089087925,15.4707993833853,1,1,1,1,1,1
2689.9352,99,0.0595826086852805,1.46126201775769,7.57521635933055,6.07497014549027,16.0531350227498,1,1,1,1,1,1
2690.0876,100,0.0660182114894049,1.46701127399082,8.03694963756169,6.5805639048183,17.1350693569279,1,1,1,1,1,1
2690.24,101,0.0612300825994655,1.46271986684448,8.39682334585776,6.76965396480095,17.8219230657955,1,1,1,1,1,1
2690.3924,102,0.0561073830196448,1.45821759340789,8.57093010303243,6.79730653683334,18.1036451223158,1,1,1,1,1,1
2690.5448,103,0.0706840779036592,1.47127274982865,8.58315236773339,7.13526186301175,18.3796891567065,1,1,1,1,1,1
2690.6972,104,0.0747008189747839,1.47500609763489,8.43539385920606,7.10521368903218,18.1310493777272,1,1,1,1,1,1
2690.8496,105,0.0696590546508248,1.4703297099098,8.06276670078039,6.68029345896823,17.2488228140538,1,1,1,1,1,1
2691.002,106,0.0618583271816045,1.46327830270611,7.53656489188385,6.08841438380172,16.0055283775828,1,1,1,1,1,1
2691.1544,107,0.0678798835137513,1.46870204014172,7.20685132705669,5.93666071231773,15.3921031112764,1,1,1,1,1,1
2691.3068,108,0.0759625445677243,1.47619142380524,7.03844180191211,5.95316888005955,15.1461995019544,1,1,1,1,1,1
2691.4592,109,0.080233868044742,1.48024979347474,6.99426424958353,5.99972266244353,15.1108822489093,1,1,1,1,1,1
2691.6116,110,0.0791554603776928,1.47921843368007,7.1329006939238,6.09687426706937,15.3950174643594,1,1,1,1,1,1
2691.764,111,0.0762444801933055,1.47645712200843,7.13064156645436,6.03674624276616,15.3486272522669,1,1,1,1,1,1
2691.9164,112,0.0669089409814955,1.46781866177238,7.08925585523698,5.8214012191022,15.1271809137155,1,1,1,1,1,1
2692.0688,113,0.0564408707296881,1.45850794541306,6.89592716443765,5.47475997174013,14.570278596174,1,1,1,1,1,1
2692.2212,114,0.067633586412378,1.46847763006376,6.84923755356201,5.63756096965953,14.6249521069995,1,1,1,1,1,1
2692.3736,115,0.065268782061315,1.46633418585964,6.92414734474645,5.65566163212712,14.7521560175023,1,1,1,1,1,1
2692.526,116,0.0510401243546378,1.45385187322197,7.20766132781581,5.62451247074444,15.1510825165873,1,1,1,1,1,1
2692.6784,117,0.0432028430466142,1.44726560819515,7.28655545364722,5.5468495877973,15.2027107305232,1,1,1,1,1,1
2692.8308,118,0.0397213004706802,1.44440242582561,7.3154717922377,5.50829446967666,15.2121036907639,1,1,1,1,1,1
2692.9832,119,0.0447410201120101,1.44854270733357,7.2500968903922,5.54590826745314,15.1489472423585,1,1,1,1,1,1
2693.1356,120,0.055579633438863,1.45775887939128,7.05248648421558,5.58364831885408,14.8889221956816,1,1,1,1,1,1
2693.288,121,0.0597648616046201,1.46142282786665,6.96045329751834,5.58523024190849,14.7528876510999,1,1,1,1,1,1
2693.4404,122,0.0615292293697341,1.46298560029545,6.83597798810956,5.51659003044882,14.5131808914128,1,1,1,1,1,1
2693.5928,123,0.0644506779475138,1.46559735707238,6.70043756614236,5.45845973403194,14.2645706196504,1,1,1,1,1,1
2693.7452,124,0.0704644056884495,1.47107031945761,6.5587321524309,5.44843423812531,14.0417786312433,1,1,1,1,1,1
2693.8976,125,0.0676401582292917,1.46848361500574,6.18798523436719,5.09339744080112,13.2130830694806,1,1,1,1,1,1
2694.05,126,0.0920038958264119,1.4918116160892,6.09230767388194,5.4353653922977,13.3056474289044,1,1,1,1,1,1
2694.2024,127,0.0992117756914537,1.49918032383597,6.23116405942877,5.69658196437469,13.6987378207789,1,1,1,1,1,1
2694.3548,128,0.0917286406551479,1.49153466894305,6.09110893521325,5.42926326303638,13.2996761558456,1,1,1,1,1,1
2694.5072,129,0.0836773812202954,1.48357395392234,6.26703673596514,5.43764671250123,13.5828919160842,1,1,1,1,1,1
2694.6596,130,0.071665446005907,1.47217928544784,6.59361368666258,5.49893215199674,14.1322959046158,1,1,1,1,1,1
2694.812,131,0.0636672574802984,1.46489401058064,6.92170965748597,5.62445064740973,14.724791856906,1,1,1,1,1,1
2694.9644,132,0.0512259324838525,1.45401044488948,7.09101310371946,5.53675550184243,14.9085137244254,1,1,1,1,1,1
2695.1168,133,0.0493029126709106,1.45237480355181,7.31635054472527,5.67792141886789,15.3541358734032,1,1,1,1,1,1
2695.2692,134,0.0569273592441038,1.45893218792624,7.38928397108828,5.87558763949189,15.6198727885342,1,1,1,1,1,1
2695.4216,135,0.0710781658979164,1.47163635597018,7.53882806523584,6.27517144550458,16.1493482742651,1,1,1,1,1,1
2695.574,136,0.0797678660419744,1.47980356056712,7.85490487053611,6.72761011883069,16.962947740043,1,1,1,1,1,1
2695.7264,137,0.151154971005631,1.55990422904992,6.50345215278629,7.15358841523299,14.9729625487544,1,1,1,1,1,1
2695.8788,138,0.142453100219459,1.54868264750155,4.59779615163578,4.89704191798567,10.5055329352268,1,1,1,1,1,1
2696.0312,139,0.212707470086845,1.65541123550612,3.53488406996423,4.97376932475116,8.57356063507323,1,1,1,1,1,1
2696.1836,140,0.218914664943476,1.66697907383348,3.67188028147069,5.30765117065649,8.95141744600281,1,1,1,1,1,1
2696.336,141,0.217111797595721,1.66357527230507,3.89485333039341,5.58580138494917,9.48094387665361,1,1,1,1,1,1
2696.4884,142,0.208867669424018,1.64846354708467,3.92377886030108,5.43089734806975,9.48665881237479,1,1,1,1,1,1
2696.6408,143,0.191179480396406,1.61835206259737,4.15504982612192,5.34227248376524,9.89882018580218,1,1,1,1,1,1
2696.7932,144,0.165978284002958,1.58016096081494,5.03815462730581,5.86227242676203,11.7487577737752,1,1,1,1,1,1
2696.9456,145,0.147838624282404,1.55557180199606,5.58420754819288,6.06707563804046,12.8195382196502,1,1,1,1,1,1
2697.098,146,0.122080806636662,1.52415030534417,5.76219198123599,5.70284612852356,12.9312900526012,1,1,1,1,1,1
2697.2504,147,0.0941185548415506,1.49395007050683,6.60797664791422,5.93762041164523,14.4598197208852,1,1,1,1,1,1
2697.4028,148,0.0872992486343126,1.48712191701511,6.7181954283697,5.89990755389756,14.6093776828897,1,1,1,1,1,1
2697.5552,149,0.0527133061277467,1.4552839148031,7.08809570224366,5.560738234249,14.9234653217176,1,1,1,1,1,1
2697.7076,150,0.0424618820583274,1.44665307680505,7.19118252314224,5.46150027238858,14.9930673345996,1,1,1,1,1,1
2697.86,151,0.0262998888297063,1.43370852122334,6.70234011426799,4.8403414959296,13.7572218283442,1,1,1,1,1,1
2698.0124,152,0.02394825745078,1.43188896106796,7.03344109767853,5.04278499733743,14.4037595117013,1,1,1,1,1,1
2698.1648,153,0.0285706749508658,1.43548053457214,7.25740703818297,5.27810190486773,14.929512111314,1,1,1,1,1,1
2698.3172,154,0.0423727498898105,1.44657950998729,7.37260759768135,5.59771826932887,15.3700105109072,1,1,1,1,1,1
2698.4696,155,0.036304467757168,1.44162885731683,7.28373276629845,5.42609268568603,15.0963296153287,1,1,1,1,1,1
2698.622,156,0.0454168030503362,1.44910616276557,7.52722327448395,5.77018372306771,15.7381713829142,1,1,1,1,1,1
2698.7744,157,0.0502561438485396,1.45318406448094,7.98886466914655,6.21861687594318,16.7807084022914,1,1,1,1,1,1
2698.9268,158,0.0573165917925472,1.45927220072828,8.20758212191816,6.53440103025593,17.3560255120079,1,1,1,1,1,1
2699.0792,159,0.0794557100432221,1.47950512510919,8.28773735749482,7.0910053372387,17.8924908277726,1,1,1,1,1,1
2699.2316,160,0.0909783332980029,1.49078138221726,8.41757365088502,7.48402934747751,18.3667809441115,1,1,1,1,1,1
2699.384,161,0.076171878127138,1.47638867206726,8.65027352855644,7.32150654877386,18.6183622190801,1,1,1,1,1,1
2700.146,166,0.101000964053148,1.50104492267007,7.29011527113429,6.70546644515918,16.0528478831549,1,1,1,1,1,1
2700.2984,167,0.114591596437912,1.51569294752522,6.86242631852461,6.61532254712041,15.2976054116038,1,1,1,1,1,1
2700.4508,168,0.112771887446886,1.51368046982933,6.43756761399464,6.16651531932112,14.3270885287835,1,1,1,1,1,1
2700.6032,169,0.104504114690705,1.50473773660944,6.24169815254768,5.81041130744415,13.7879625842926,1,1,1,1,1,1
2700.7556,170,0.0966637868166247,1.49654955486189,6.38330550308223,5.7853636384119,14.0006799708351,1,1,1,1,1,1
2700.908,171,0.099679204424655,1.4996660685518,6.27427795398893,5.74513662129842,13.7993859775634,1,1,1,1,1,1
2701.0604,172,0.0902574019584528,1.49005983021444,6.60095573029441,5.85468444445522,14.3934816899071,1,1,1,1,1,1
2701.2128,173,0.0861778726465836,1.48601769351631,7.01014498338519,6.13328276546752,15.2285287299949,1,1,1,1,1,1
2701.3652,174,0.0868807997596998,1.48670926358599,7.24117411866899,6.35030044009918,15.7405862345964,1,1,1,1,1,1
2701.5176,175,0.084763321050379,1.48463212527749,7.53186742416534,6.55874423346244,16.3405870414975,1,1,1,1,1,1
2705.3276,200,0.112895915911503,1.51381712086672,6.8394118374469,6.55426952250164,15.2231070022629,1,1,1,1,1,1
2705.48,201,0.130926466934324,1.53451737736648,6.47064559749481,6.60918372514559,14.6356487287179,1,1,1,1,1,1
2705.6324,202,0.136171117996981,1.54086742619954,6.41742330292365,6.68014678457381,14.5825820174853,1,1,1,1,1,1
2705.7848,203,0.13621285597082,1.540918589007,6.27096899815586,6.52868553497464,14.2503111901983,1,1,1,1,1,1
2705.9372,204,0.125540291105968,1.52815481550529,6.31141225218238,6.32355419010863,14.2074975672223,1,1,1,1,1,1
2706.0896,205,0.123803711420527,1.52613675294456,6.14863881518012,6.12256892696059,13.8197262413675,1,1,1,1,1,1
2706.242,206,0.123847717015112,1.52618769412376,6.18007783978227,6.15483558600302,13.89093274243,1,1,1,1,1,1
2706.3944,207,0.113563958491981,1.51455444697301,6.73421033850533,6.46849078621116,14.9979478437272,1,1,1,1,1,1
2706.5468,208,0.109607227768543,1.51021899624409,6.83709211080417,6.4776530737696,15.1729736461352,1,1,1,1,1,1
2706.6992,209,0.109766394622757,1.51039193861643,6.83296058132662,6.47730822806995,15.1659800578765,1,1,1,1,1,1
2706.8516,210,0.111670541542857,1.51247032886366,6.78348810824899,6.47302930936321,15.0820077976934,1,1,1,1,1,1
2707.004,211,0.109773965871226,1.51040016816018,6.77296280294805,6.42060167966269,15.0329155810519,1,1,1,1,1,1
2707.1564,212,0.0991702186322851,1.49913718561256,7.23010804092542,6.60888969623781,15.8942388721581,1,1,1,1,1,1
2707.3088,213,0.093430746735349,1.49325241841351,7.86642590302421,7.05201051662991,17.2027838985641,1,1,1,1,1,1
2707.4612,214,0.0900987435439566,1.48990132916414,8.24403435033003,7.30811087262565,17.973622974056,1,1,1,1,1,1
2707.6136,215,0.0860824129048368,1.48592393248063,8.37492018743925,7.32501171621573,18.1917070501189,1,1,1,1,1,1
2707.766,216,0.0910042896673443,1.49080740184845,8.35719929102966,7.43099910811808,18.2354805522365,1,1,1,1,1,1
2707.9184,217,0.102843667624274,1.5029804020751,8.16030679457064,7.5533167006132,17.9990853485271,1,1,1,1,1,1
2708.0708,218,0.118831137875783,1.5204455196778,7.71554574915804,7.54905387755237,17.2647856597263,1,1,1,1,1,1
2708.2232,219,0.120459970076978,1.52229566709814,6.91680465389167,6.80648690916707,15.5000054710555,1,1,1,1,1,1
2708.528,221,0.122758867393866,1.52493022834841,6.61011143424821,6.55775186902572,14.8431224545275,1,1,1,1,1,1
2708.6804,222,0.130082811404487,1.53351031011564,6.67214093070749,6.79437814148685,15.0801435621217,1,1,1,1,1,1
2708.8328,223,0.128392480952653,1.53150436032814,6.65670169405928,6.73772888017035,15.0227442790426,1,1,1,1,1,1
2708.9852,224,0.120366975373854,1.52218967029741,6.72568521603819,6.61624526319849,15.0704712056187,1,1,1,1,1,1
2709.1376,225,0.114772484329198,1.5158938896581,6.70271454328722,6.46544482521248,14.9440034863395,1,1,1,1,1,1
2709.29,226,0.110494660645603,1.51118478371361,7.02148304523783,6.67283914898681,15.5946388631005,1,1,1,1,1,1
2709.4424,227,0.104679601581417,1.50492420523646,7.3806912843323,6.87484475882317,16.3065982147433,1,1,1,1,1,1
2709.5948,228,0.0996185093528166,1.49960293999354,7.87487631598223,7.20925746918773,17.3187195118364,1,1,1,1,1,1
2710.3568,233,0.100688459674062,1.50071820999443,8.1283883606829,7.46854052606794,17.8936465287053,1,1,1,1,1,1
2710.5092,234,0.11970081901488,1.5214316755681,7.49770395596021,7.35840418980395,16.7903705204395,1,1,1,1,1,1
2710.6616,235,0.11719227706589,1.51859762547885,7.191380756245,6.9958141393959,16.0683100846343,1,1,1,1,1,1
2710.814,236,0.122494967208163,1.52462639795769,7.04298337187633,6.98066930887013,15.8114267781239,1,1,1,1,1,1
2710.9664,237,0.115366648602004,1.51655506827528,6.72746028207507,6.50280308173007,15.0071696568423,1,1,1,1,1,1
2711.1188,238,0.11378225921004,1.51479586284931,6.57424000235816,6.31964054563168,14.644543764831,1,1,1,1,1,1
2711.2712,239,0.11362265688632,1.51461933771792,6.5782501832488,6.3199775877965,14.6513768934649,1,1,1,1,1,1
2711.4236,240,0.108586215932665,1.50911249450694,6.66378363806228,6.29119275459021,14.7747573742269,1,1,1,1,1,1
2711.576,241,0.103871973372159,1.50406721526493,7.02251088781559,6.52310400566815,15.5039059035209,1,1,1,1,1,1
2711.7284,242,0.103309005162674,1.50347161522252,7.38736657957938,6.84878001413508,16.3010961433754,1,1,1,1,1,1
2711.8808,243,0.0929156390217658,1.49273126969242,7.87915922813486,7.05116446631863,17.2225126855425,1,1,1,1,1,1
2712.0332,244,0.0900617485145631,1.48986438604435,8.25452056134283,7.31649793893121,17.9958742324936,1,1,1,1,1,1
2712.1856,245,0.108033377120267,1.50851543497502,8.83457573785103,8.32469247705938,19.5780095804717,1,1,1,1,1,1
2712.4904,247,0.0668148594877229,1.46773324725809,8.75195750364568,7.18454800754311,18.6734366289886,1,1,1,1,1,1
2715.2336,265,0.0963004991326936,1.49617679577209,9.53515808404762,8.63133638130384,20.9067971337011,1,1,1,1,1,1
2715.386,266,0.108005260679069,1.50848510824118,9.79602262473336,9.22975362776438,21.7080892038715,1,1,1,1,1,1
2715.5384,267,0.109238925840863,1.50981928304887,9.74539988340446,9.2213013811733,21.6199537971145,1,1,1,1,1,1
2715.9956,270,0.0738120922724456,1.47417482947297,8.54311606679298,7.17500518110564,18.3474026764186,1,1,1,1,1,1
2716.148,271,0.0792181119496278,1.47927822692987,8.22020150033041,7.02770294616394,17.7427806860642,1,1,1,1,1,1
2716.3004,272,0.0806596294660871,1.48065824199098,8.09696247962688,6.95541624249345,17.5001209460688,1,1,1,1,1,1
2716.4528,273,0.087765800576345,1.48758285962551,8.02175608530757,7.05569143491919,17.4515838603255,1,1,1,1,1,1
2716.6052,274,0.0927534031788513,1.49256736659942,7.97700774323254,7.13482725752494,17.4338047172028,1,1,1,1,1,1
2716.7576,275,0.0981238061901801,1.49805349262326,7.9302569859427,7.22312337282557,17.4168079709393,1,1,1,1,1,1
2716.91,276,0.101114666454472,1.50116390400278,7.87726684310375,7.24834375785763,17.3475481050341,1,1,1,1,1,1
2717.0624,277,0.100456321307896,1.50047580211587,7.86431365553823,7.22018153585843,17.3086673499701,1,1,1,1,1,1
2717.2148,278,0.102778520973582,1.50291171192072,7.82734755555627,7.24350789692019,17.2636615209251,1,1,1,1,1,1
2717.3672,279,0.103160717495371,1.50331497422664,7.72649302974209,7.15954289321466,17.0471271888265,1,1,1,1,1,1
2717.5196,280,0.10054114443709,1.50056434958871,7.76053896134413,7.12696882380268,17.0815848599326,1,1,1,1,1,1
2717.672,281,0.0870113079252199,1.48683788678883,7.66424863041544,6.72425588390641,16.6622498560239,1,1,1,1,1,1
2717.8244,282,0.0785333616498963,1.47862555046568,7.46656566192645,6.36898189210712,16.1058803266744,1,1,1,1,1,1
2717.9768,283,0.0790269915251633,1.47909587400872,7.17348713282371,6.12896479017998,15.4807724793505,1,1,1,1,1,1
2718.1292,284,0.0936698697390538,1.49349473288069,6.74122921211483,6.04818489960366,14.7453585485895,1,1,1,1,1,1
2718.2816,285,0.103665996706253,1.50384913047859,6.49661574256049,6.03034631492902,14.3401877774611,1,1,1,1,1,1
2718.434,286,0.12068052965817,1.52254724258308,6.18940830513229,6.09543311114114,13.8726987553327,1,1,1,1,1,1
2718.5864,287,0.131065883875293,1.53468417827991,6.09189845989999,6.22544623811753,13.7806770320506,1,1,1,1,1,1
2718.7388,288,0.127301486580409,1.53021793505217,6.07491475374253,6.12493314404801,13.6965208654864,1,1,1,1,1,1
2718.8912,289,0.12424927984722,1.52665301854345,6.01674837085888,6.00072038913606,13.5286500459201,1,1,1,1,1,1
2719.0436,290,0.132606960842359,1.5365351669409,5.84690861782209,6.00832414166761,13.2444987999089,1,1,1,1,1,1
2719.196,291,0.144355205937898,1.5510954655649,5.60185818661505,6.00835035950634,12.8210311575575,1,1,1,1,1,1
2719.3484,292,0.143937823125746,1.55056413092065,5.54381335838302,5.93695726654295,12.6835555700082,1,1,1,1,1,1
2719.5008,293,0.137556364488593,1.54257085565746,5.48942200849457,5.74298670772697,12.4890538862535,1,1,1,1,1,1
2719.6532,294,0.134134210023607,1.53838270612418,5.7206560881119,5.9110853861887,12.975983546615,1,1,1,1,1,1
2719.8056,295,0.136304133428798,1.54103051278627,5.94457866301755,6.190932156183,13.509698612559,1,1,1,1,1,1
2719.958,296,0.136406941071069,1.5411566323471,5.82200350293793,6.06554042511939,13.2323303833575,1,1,1,1,1,1
2720.1104,297,0.134364439680253,1.5386623640825,5.60799460475033,5.79949941774843,12.723019315095,1,1,1,1,1,1
2720.2628,298,0.137262453014477,1.54220850467003,5.59750420448036,5.84980464548771,12.7316627246924,1,1,1,1,1,1
2720.4152,299,0.136072401125867,1.5407464580604,5.63475587103096,5.86333715090972,12.8029812643204,1,1,1,1,1,1
2720.5676,300,0.133764498699885,1.53793425054234,5.92564981359723,6.11472797014906,13.4365827807683,1,1,1,1,1,1
2720.72,301,0.128987766464384,1.53220901195992,6.18837408370699,6.2770604338574,13.9731972696209,1,1,1,1,1,1
2720.8724,302,0.114264809984251,1.5153303420682,6.38021032203195,6.14345802176552,14.218487684277,1,1,1,1,1,1
2721.0248,303,0.116598163875011,1.51793108438725,6.41380287925179,6.22640081818677,14.3232810368576,1,1,1,1,1,1
2721.1772,304,0.119123699330261,1.5207768319867,6.43784746462727,6.30541347034778,14.4094953406752,1,1,1,1,1,1
2721.3296,305,0.117734806582413,1.51920784763008,6.46077688656793,6.29705531485261,14.4428704073603,1,1,1,1,1,1
2721.482,306,0.108429340666324,1.50894292372912,6.56605134505814,6.19556461454387,14.556007926368,1,1,1,1,1,1
2721.6344,307,0.107658216597041,1.50811109010011,6.51713550568961,6.13305286098754,14.4375173831068,1,1,1,1,1,1
2721.7868,308,0.108873310704775,1.50942312595111,6.39124596870026,6.03988619783827,14.1741641536824,1,1,1,1,1,1
2721.9392,309,0.109825985122461,1.51045671773806,6.33138358007724,6.00307704683411,14.0534680378948,1,1,1,1,1,1
2722.0916,310,0.107026154077908,1.50743136018067,6.38615067033336,5.99669748110307,14.1392716318824,1,1,1,1,1,1
2722.244,311,0.0968810820197247,1.49677279190396,6.50284816159827,5.89805374176039,14.2657022554078,1,1,1,1,1,1
2722.3964,312,0.098032822151263,1.4979594967794,6.82506950349533,6.21456239985312,14.988300656603,1,1,1,1,1,1
2722.5488,313,0.109031608561689,1.509594569158,6.94010996875367,6.56216844361473,15.3936026444838,1,1,1,1,1,1
2722.7012,314,0.112480256145647,1.51335945486545,7.19327680536003,6.88341566235235,16.0047568459069,1,1,1,1,1,1
2722.8536,315,0.095587364039697,1.49544674688837,7.50553447816463,6.77770508259508,16.4459374692829,1,1,1,1,1,1
2723.006,316,0.0845396448960341,1.4844137781501,7.6878347064934,6.68957653052383,16.6755230451995,1,1,1,1,1,1
2723.1584,317,0.0578273933326407,1.45971919741957,7.93833748913065,6.33040184376016,16.7947817070437,1,1,1,1,1,1
2723.3108,318,0.0311430859984621,1.43750597682024,8.42614204186535,6.17712131259582,17.3771162162208,1,1,1,1,1,1
2723.4632,319,0.0248663040210117,1.4325974253566,8.92509910084141,6.41716454821809,18.2940666570012,1,1,1,1,1,1
2723.6156,320,0.0497138321009051,1.45272329531799,9.79010150642015,7.60761022774306,20.5536099379223,1,1,1,1,1,1
2723.768,321,0.0717207339893862,1.4722304645128,9.63971876316051,8.0407709705701,20.6621729366113,1,1,1,1,1,1
2723.9204,322,0.0671737338653359,1.46805923400494,9.59984099641164,7.88976930023522,20.4893963213083,1,1,1,1,1,1
2724.53,326,0.114101694394863,1.5151495447702,7.7424989160801,7.4509536458737,17.2518623225105,1,1,1,1,1,1
2724.6824,327,0.114872855638258,1.51600545861779,7.89867769592136,7.62174387301971,17.6120427172361,1,1,1,1,1,1
2724.8348,328,0.0837467751369168,1.48364143075896,8.53752824245516,7.40936698123643,18.5050374008023,1,1,1,1,1,1
